pattern,port,country,lon,lat,precision,note
^HAI PHONG$|^HAIPHONG$,HAI PHONG,VN,106.80,20.80,port,
^(HO CHI MINH|HCM|SAI GON|SAIGON|TP\.? ?HCM)|BEN NGHE|TAN THUAN|^VICT|CANG VICT|SPITC|SP-ITC|CAT LAI|NHA BE|HIEP PHUOC|^DONG NAI$|^LONG AN$,HO CHI MINH,VN,106.78,10.70,port,gom Cat Lai / Hiep Phuoc / Dong Nai / Long An
CAI MEP|GEMALINK|TCIT|TCTT|CMIT|SSIT|SP-SSA|PHU MY|GO DAU|THI VAI,CAI MEP,VN,107.03,10.53,port,cum Cai Mep - Thi Vai
LONG SON,LONG SON (VUNG TAU),VN,107.08,10.43,port,to hop hoa dau Long Son
^VUNG TAU$|^VT$,VUNG TAU,VN,107.08,10.33,port,
^DA NANG$|TIEN SA,DA NANG,VN,108.22,16.12,port,
^QUY NHON$|BINH DINH,QUY NHON,VN,109.25,13.77,port,
NGHI SON,NGHI SON,VN,105.83,19.32,port,gom LHD Nghi Son
^THANH HOA$|LE MON,THANH HOA,VN,105.88,19.78,port,
CUA LO|^NGHE AN$,CUA LO,VN,105.73,18.83,port,
VUNG ANG|^HA TINH$|SON DUONG|FORMOSA,VUNG ANG / SON DUONG,VN,106.43,18.10,port,
DUNG QUAT|^QUANG NGAI$|HOA PHAT DQUAT|HOA PHAT DUNG QUAT,DUNG QUAT,VN,108.80,15.40,port,
CHU LAI|^QUANG NAM$|KY HA,CHU LAI,VN,108.68,15.48,port,
^HUE$|CHAN MAY|THUAN AN,CHAN MAY (HUE),VN,107.98,16.33,port,
^QUANG BINH$|HON LA|GIANH,HON LA (QUANG BINH),VN,106.52,17.93,port,
^QUANG TRI$|CUA VIET,CUA VIET (QUANG TRI),VN,107.18,16.90,port,
^QUANG NINH$|CAI LAN|HON GAI|HA LONG,QUANG NINH (CAI LAN),VN,107.05,20.95,port,
CAM PHA,CAM PHA,VN,107.37,21.02,port,
QUANG YEN,QUANG YEN,VN,106.82,20.92,port,
DIEM DIEN|^THAI BINH$,DIEM DIEN (THAI BINH),VN,106.57,20.55,port,
^NAM DINH$|HAI THINH,NAM DINH,VN,106.28,20.02,port,
^NINH BINH|NINH PHUC,NINH BINH,VN,106.05,20.20,inland,cang song
^HAI DUONG$|BEN KIEN|CHINFON|GIA DUC|DA BAC|PHUC SON|HOANG THACH|DIEN CONG|HUY VAN|PHU THAI|HOP THANH|^HOA PHAT$,NOI THUY BAC BO,VN,106.60,20.95,inland,ben song / nha may quanh Hai Phong - Hai Duong - Quang Ninh
CAN THO|CAI CUI,CAN THO,VN,105.80,10.03,port,
AN GIANG|MY THOI,AN GIANG,VN,105.43,10.38,inland,
DONG THAP|SA DEC|CAO LANH,DONG THAP,VN,105.63,10.45,inland,
TAY NINH,TAY NINH,VN,106.10,11.30,inland,
TIEN GIANG|MY THO,TIEN GIANG,VN,106.37,10.35,inland,
CAM RANH,CAM RANH,VN,109.20,11.90,port,
NHA TRANG,NHA TRANG,VN,109.20,12.25,port,
VAN PHONG,VAN PHONG,VN,109.40,12.60,port,
VINH TAN|BINH THUAN,VINH TAN,VN,108.80,11.30,port,
PHU QUOC|KIEN GIANG,KIEN GIANG,VN,104.00,10.20,port,
QINZHOU,QINZHOU,CN,108.60,21.70,port,
FANGCHENG,FANGCHENG,CN,108.35,21.60,port,
BEIHAI,BEIHAI,CN,109.10,21.48,port,
NANSHA|GUANGZHOU,NANSHA,CN,113.60,22.75,port,
SHEKOU|CHIWAN|SHENZHEN,SHEKOU,CN,113.90,22.47,port,
YANTIAN,YANTIAN,CN,114.27,22.57,port,
ZHANJIANG,ZHANJIANG,CN,110.40,21.20,port,
HAIKOU|YANGPU|HAINAN,HAINAN (YANGPU),CN,109.20,19.72,port,
XIAMEN,XIAMEN,CN,118.07,24.45,port,
SHANGHAI|YANGSHAN,SHANGHAI,CN,122.06,30.62,port,
NINGBO|ZHOUSHAN,NINGBO,CN,122.07,29.95,port,
QINGDAO,QINGDAO,CN,120.32,36.07,port,
TIANJIN|XINGANG,TIANJIN,CN,117.78,38.97,port,
DALIAN,DALIAN,CN,121.65,38.92,port,
^CHINA$|TRUNG QUOC|\bCHINA$,CHINA (Hoa Nam),CN,113.90,22.47,country,cap quoc gia - dat tam o Shekou (Hoa Nam) vi da so tau HP chay Hoa Nam
HONG ?KONG,HONG KONG,HK,114.16,22.30,port,
KAOHSIUNG,KAOHSIUNG,TW,120.30,22.62,port,
TAIPEI|KEELUNG|TAICHUNG,TAIWAN (Bac),TW,121.40,25.15,port,
^TAIWAN$,TAIWAN (Kaohsiung),TW,120.30,22.62,country,
BUSAN|PUSAN,BUSAN,KR,129.07,35.10,port,
INCHEON|INCHON,INCHEON,KR,126.60,37.45,port,
^KOREA|SOUTH KOREA,KOREA (Busan),KR,129.07,35.10,country,
^JAPAN$,JAPAN (Yokohama),JP,139.70,35.45,country,
TOKYO|YOKOHAMA,YOKOHAMA,JP,139.70,35.45,port,
OSAKA|KOBE,KOBE,JP,135.20,34.68,port,
^SINGAPORE$,SINGAPORE,SG,103.80,1.26,port,
PORT KLANG|KLANG,PORT KLANG,MY,101.36,3.00,port,
TANJUNG PELEPAS|PTP,TANJUNG PELEPAS,MY,103.55,1.36,port,
^MALAYSIA$,MALAYSIA (Port Klang),MY,101.36,3.00,country,
LAEM CHABANG|BANGKOK,LAEM CHABANG,TH,100.88,13.08,port,
^THAILAND$|THAI LAN,THAILAND (Laem Chabang),TH,100.88,13.08,country,
JAKARTA|TANJUNG PRIOK,JAKARTA,ID,106.88,-6.11,port,
^INDONESIA$,INDONESIA (Jakarta),ID,106.88,-6.11,country,
MANILA,MANILA,PH,120.97,14.59,port,
^PHILIPPINES$|PHILIPPIN,PHILIPPINES (Manila),PH,120.97,14.59,country,
BRUNEI|MUARA,BRUNEI (Muara),BN,114.98,5.02,country,
CAMBODIA|SIHANOUK|CAMPUCHIA,SIHANOUKVILLE,KH,103.50,10.63,country,
PHNOM PENH,PHNOM PENH,KH,104.93,11.57,inland,
MYANMAR|YANGON,YANGON,MM,96.17,16.77,country,
^INDIA$,INDIA (Chennai),IN,80.30,13.10,country,
BANGLADESH|CHITTAGONG|CHATTOGRAM,CHATTOGRAM,BD,91.80,22.30,country,
UNITED ARAB EMIRATES|^UAE$|JEBEL ALI|DUBAI,JEBEL ALI,AE,55.03,25.00,country,
^USA$|UNITED STATES|LOS ANGELES|LONG BEACH,LOS ANGELES,US,-118.25,33.73,country,
AUSTRALIA,AUSTRALIA (Newcastle),AU,151.78,-32.92,country,
RUSSIA|VLADIVOSTOK|VOSTOCHNY,VLADIVOSTOK,RU,131.88,43.10,country,
QUI NHON,QUY NHON,VN,109.25,13.77,port,
HO CHI MINH|TÂN THUẬN|TAN THUAN|SAI GON|SÀI GÒN,HO CHI MINH,VN,106.78,10.70,port,bien the ten
DONG XUYEN|ĐÔNG XUYÊN,VUNG TAU,VN,107.08,10.33,port,
KINH MON,NOI THUY BAC BO,VN,106.60,20.95,inland,
MACAO|MACAU,MACAU,MO,113.55,22.17,port,
ULSAN,ULSAN,KR,129.40,35.50,port,
PYEONGTAEK,PYEONGTAEK,KR,126.83,36.97,port,
KOREA,KOREA (Busan),KR,129.07,35.10,country,
BATAM,BATAM,ID,104.05,1.10,port,
INDONESIA,INDONESIA (Jakarta),ID,106.88,-6.11,country,
SRIRACHA|MAP TA PHUT,LAEM CHABANG,TH,100.88,13.08,port,
THAILAND,THAILAND (Laem Chabang),TH,100.88,13.08,country,
MALAYSIA,MALAYSIA (Port Klang),MY,101.36,3.00,country,
JAPAN,JAPAN (Yokohama),JP,139.70,35.45,country,
TAIWAN,TAIWAN (Kaohsiung),TW,120.30,22.62,country,
PHILIPPIN,PHILIPPINES (Manila),PH,120.97,14.59,country,
\bUSA\b|U\.S\.A|SAN DIEGO,LOS ANGELES,US,-118.25,33.73,country,
CANADA|VANCOUVER,VANCOUVER,CA,-123.10,49.29,country,
OMAN|SOHAR|SALALAH,SOHAR,OM,56.63,24.50,country,
KUWAIT,KUWAIT,KW,48.00,29.35,country,
KATTUPALLI|INDIA|AN DO,INDIA (Chennai),IN,80.30,13.10,country,
SOUTH AFRICA|DURBAN,DURBAN,ZA,31.03,-29.87,country,
NIGERIA|LAGOS,LAGOS,NG,3.40,6.43,country,
