ticker,ten_cong_ty,nganh_L4,nhom,cong_vao_nganh,ghi_chu,ky_gan_nhat,vcsh_me
BVL,Công ty Cổ phần BV Land,"Tư Vấn, Định giá, Môi giới Bất động sản",Dịch vụ BĐS,1,,2026-Q2,1352.5363647499998
DCH,Công ty Cổ phần Địa chính Hà Nội,"Tư Vấn, Định giá, Môi giới Bất động sản",Dịch vụ BĐS,1,,2020-Q4,32.525355933
DXS,Công ty Cổ phần Dịch vụ Bất động sản Đất Xanh,"Tư Vấn, Định giá, Môi giới Bất động sản",Dịch vụ BĐS,0,Công ty con của DXG (đã hợp nhất vào DXG),2026-Q2,6476.118398147
PIV,Công ty Cổ phần PIV,"Tư Vấn, Định giá, Môi giới Bất động sản",Dịch vụ BĐS,1,,2026-Q2,11.636000568
TDC,Công ty Cổ phần Kinh doanh và Phát triển Bình Dương,"Tư Vấn, Định giá, Môi giới Bất động sản",Dịch vụ BĐS,1,,2026-Q2,1624.877227554
THD,Công ty Cổ phần Thaiholdings,"Tư Vấn, Định giá, Môi giới Bất động sản",Dịch vụ BĐS,1,,2026-Q2,5062.951979199
VC3,Công ty Cổ phần Tập đoàn Nam Mê Kông,"Tư Vấn, Định giá, Môi giới Bất động sản",Dịch vụ BĐS,1,,2026-Q2,1555.596251392
BCM,Tập đoàn Đầu tư và Phát triển Công nghiệp Becamex - CTCP,Bất động sản,Khu công nghiệp,1,,2026-Q2,21883.604689211
D2D,Công ty Cổ phần Phát triển Đô thị Công nghiệp số 2,Bất động sản,Khu công nghiệp,1,,2026-Q2,724.185910225
HPI,Công ty Cổ phần Khu công nghiệp Hiệp Phước,Bất động sản,Khu công nghiệp,1,,2026-Q2,443.938263064
IDC,Tổng Công ty IDICO - CTCP,Bất động sản,Khu công nghiệp,1,,2026-Q2,6762.5268120870005
IDV,Công ty Cổ phần Phát triển Hạ tầng Vĩnh Phúc,Bất động sản,Khu công nghiệp,1,,2026-Q2,977.251856398
ITA,Công ty Cổ phần Đầu tư và Công nghiệp Tân Tạo,Bất động sản,Khu công nghiệp,1,,2026-Q2,10536.451751122999
KBC,Tổng Công ty Phát triển Đô thị Kinh Bắc - CTCP,Bất động sản,Khu công nghiệp,1,,2026-Q2,25018.812769485
LHG,Công ty Cổ phần Long Hậu,Bất động sản,Khu công nghiệp,1,,2026-Q2,1882.228216642
MH3,Công ty Cổ phần Khu công nghiệp Cao su Bình Long,Bất động sản,Khu công nghiệp,1,,2026-Q2,545.773517773
NTC,Công ty Cổ phần Khu Công nghiệp Nam Tân Uyên,Bất động sản,Khu công nghiệp,1,,2026-Q2,1449.5240222
PXL,Công ty Cổ phần Đầu tư Khu Công Nghiệp Dầu khí Long Sơn,Bất động sản,Khu công nghiệp,1,,2026-Q2,1761.606755363
SIP,Công ty Cổ phần Đầu tư Sài Gòn VRG,Bất động sản,Khu công nghiệp,1,,2026-Q2,4831.669649054999
SZB,Công ty Cổ phần Sonadezi Long Bình,Bất động sản,Khu công nghiệp,1,,2026-Q2,863.184256153
SZC,Công ty Cổ phần Sonadezi Châu Đức,Bất động sản,Khu công nghiệp,1,,2026-Q2,3210.973909191
SZG,Công ty Cổ phần Sonadezi Giang Điền,Bất động sản,Khu công nghiệp,1,,2026-Q2,1054.673573933
SZL,Công ty Cổ phần Sonadezi Long Thành,Bất động sản,Khu công nghiệp,1,,2026-Q2,766.62387569
TID,Công ty Cổ phần Tổng Công ty Tín Nghĩa,Bất động sản,Khu công nghiệp,1,,2026-Q2,3108.607182023
TIP,Công ty Cổ phần Phát triển Khu công nghiệp Tín Nghĩa,Bất động sản,Khu công nghiệp,1,,2026-Q2,1938.0146801180001
VRG,Công ty Cổ phần Phát triển Đô thị và Khu Công nghiệp Cao Su Việt Nam,Bất động sản,Khu công nghiệp,1,,2026-Q2,319.01070693
AAV,Công ty Cổ phần AAV Group,Bất động sản,Phát triển nhà ở & khác,1,,2026-Q2,705.534486975
AGG,Công ty Cổ phần Đầu tư và Phát triển Bất động sản An Gia,Bất động sản,Phát triển nhà ở & khác,1,,2026-Q2,3802.562886111
API,Công ty Cổ phần Đầu tư Châu Á - Thái Bình Dương,Bất động sản,Phát triển nhà ở & khác,1,,2026-Q2,839.146786092
C21,Công ty Cổ phần Thế kỷ 21,Bất động sản,Phát triển nhà ở & khác,1,,2026-Q2,887.7074628800001
CCL,Công ty Cổ phần Đầu tư và Phát triển Đô thị Dầu khí Cửu Long,Bất động sản,Phát triển nhà ở & khác,1,,2026-Q2,727.643381771
CEO,Công ty Cổ phần Tập đoàn C.E.O,Bất động sản,Phát triển nhà ở & khác,1,,2026-Q2,6306.579882805
CKG,Công ty Cổ phần Tập đoàn CIC,Bất động sản,Phát triển nhà ở & khác,1,,2026-Q2,2015.3842532889998
CNT,Công ty Cổ phần Tập đoàn CNT,Bất động sản,Phát triển nhà ở & khác,1,,2026-Q2,700.908271519
CRE,Công ty Cổ phần Bất động sản Thế Kỷ,Bất động sản,Phát triển nhà ở & khác,1,,2026-Q2,5705.9067527120005
CRV,Công ty Cổ phần Tập đoàn Bất động sản CRV,Bất động sản,Phát triển nhà ở & khác,1,,2026-Q2,7609.779099609
D11,Công ty Cổ phần Địa ốc 11,Bất động sản,Phát triển nhà ở & khác,1,,2026-Q2,196.347418071
DIG,Tổng Công ty Cổ phần Đầu tư Phát triển Xây dựng,Bất động sản,Phát triển nhà ở & khác,1,,2026-Q2,10067.22355556
DIH,Công ty Cổ phần Đầu tư Phát triển Xây dựng - Hội An,Bất động sản,Phát triển nhà ở & khác,1,,2026-Q2,134.995465594
DRH,Công ty Cổ phần DRH Holdings,Bất động sản,Phát triển nhà ở & khác,1,,2026-Q2,1273.200836472
DTA,Công ty Cổ phần Đệ Tam,Bất động sản,Phát triển nhà ở & khác,1,,2026-Q2,209.818621456
DTD,Công ty Cổ phần Đầu tư Phát triển Thành Đạt,Bất động sản,Phát triển nhà ở & khác,1,,2026-Q2,1358.620764999
DXG,Công ty Cổ phần Bluemarq Group,Bất động sản,Phát triển nhà ở & khác,1,,2026-Q2,14305.972144519
FDC,Công ty Cổ phần Ngoại thương và Phát triển Đầu tư Thành phố Hồ Chí Minh,Bất động sản,Phát triển nhà ở & khác,1,,2026-Q2,674.438047765
FIR,Công ty Cổ phần Địa ốc First Real,Bất động sản,Phát triển nhà ở & khác,1,,2026-Q2,746.772979693
HAR,Công ty Cổ phần Đầu tư Thương mại Bất động sản An Dương Thảo Điền,Bất động sản,Phát triển nhà ở & khác,1,,2026-Q2,1099.405370362
HD6,Công ty Cổ phần Đầu tư và Phát triển nhà số 6 Hà Nội,Bất động sản,Phát triển nhà ở & khác,1,,2026-Q2,262.49016074400004
HDC,Công ty Cổ phần Phát triển Nhà Bà Rịa Vũng Tàu,Bất động sản,Phát triển nhà ở & khác,1,,2026-Q2,2909.0313465930003
HDG,Công ty Cổ phần Tập đoàn Hà Đô,Bất động sản,Phát triển nhà ở & khác,1,,2026-Q2,6983.0932065179995
HLD,Công ty Cổ phần Đầu tư và Phát triển Bất động sản HUDLAND,Bất động sản,Phát triển nhà ở & khác,1,,2026-Q2,652.967688509
HPX,Công ty Cổ phần Đầu tư Hải Phát,Bất động sản,Phát triển nhà ở & khác,1,,2026-Q2,3601.2853638730003
HQC,Công ty Cổ phần Tư vấn - Thương mại - Dịch vụ Địa ốc Hoàng Quân,Bất động sản,Phát triển nhà ở & khác,1,,2026-Q2,5956.355598623
HTN,Công ty Cổ phần Hưng Thịnh Incons,Bất động sản,Phát triển nhà ở & khác,1,,2026-Q2,1547.873244909
IDJ,Công ty Cổ phần Đầu tư IDJ Việt Nam,Bất động sản,Phát triển nhà ở & khác,1,,2026-Q2,1864.0583469869998
IJC,Công ty Cổ phần Phát triển Hạ tầng Kỹ thuật,Bất động sản,Phát triển nhà ở & khác,1,,2026-Q2,7907.124020973
ITC,Công ty Cổ phần Đầu tư - Kinh doanh nhà,Bất động sản,Phát triển nhà ở & khác,1,,2026-Q2,2219.483190028
KDH,Công ty Cổ phần Đầu tư và Kinh doanh nhà Khang Điền,Bất động sản,Phát triển nhà ở & khác,1,,2026-Q2,18607.965362
KHG,Công ty Cổ phần Tập đoàn Khải Hoàn Land,Bất động sản,Phát triển nhà ở & khác,1,,2026-Q2,5323.522332973
KOS,Công ty Cổ phần KOSY,Bất động sản,Phát triển nhà ở & khác,1,,2026-Q2,2345.3520713890002
KSF,Công ty Cổ phần Tập đoàn Sunshine,Bất động sản,Phát triển nhà ở & khác,1,,2026-Q2,21359.071170182
LDG,Công ty Cổ phần Đầu tư LDG,Bất động sản,Phát triển nhà ở & khác,1,,2026-Q2,1262.383059642
LEC,Công ty Cổ phần Bất động sản Điện lực Miền Trung,Bất động sản,Phát triển nhà ở & khác,1,,2026-Q2,227.143172846
LGL,Công ty Cổ phần Đầu tư và Phát triển Đô thị Long Giang,Bất động sản,Phát triển nhà ở & khác,1,,2026-Q2,699.660236587
LMH,Công ty Cổ phần Quốc Tế Holding,Bất động sản,Phát triển nhà ở & khác,1,,2025-Q3,-54.209442311
LSG,Công ty Cổ phần Bất động sản Sài Gòn Vi na,Bất động sản,Phát triển nhà ở & khác,1,,2026-Q2,1104.619315942
MGR,Công ty cổ phần Tập đoàn MGROUP,Bất động sản,Phát triển nhà ở & khác,1,,2026-Q2,122.53964133100001
NBB,Công ty Cổ phần Đầu tư Năm Bảy Bảy,Bất động sản,Phát triển nhà ở & khác,1,,2026-Q2,1816.0134378149999
NDN,Công ty Cổ phần Đầu tư Phát triển Nhà Đà Nẵng,Bất động sản,Phát triển nhà ở & khác,1,,2026-Q2,1198.3333359599999
NLG,Công ty Cổ phần Đầu tư Nam Long,Bất động sản,Phát triển nhà ở & khác,1,,2026-Q2,12498.066165151
NRC,Công ty Cổ phần Tập đoàn Bất động sản Quốc gia,Bất động sản,Phát triển nhà ở & khác,1,,2026-Q2,1028.116027802
NTL,Công ty Cổ phần Phát triển Đô thị Từ Liêm,Bất động sản,Phát triển nhà ở & khác,1,,2026-Q2,1649.860837796
NVL,Công ty Cổ phần Tập đoàn Đầu tư Địa ốc No Va,Bất động sản,Phát triển nhà ở & khác,1,,2026-Q2,48496.319748157
NVT,Công ty Cổ phần Bất động sản Du lịch Ninh Vân Bay,Bất động sản,Phát triển nhà ở & khác,1,,2026-Q2,252.00906376900002
PDR,Công ty Cổ phần Phát triển Bất động sản Phát Đạt,Bất động sản,Phát triển nhà ở & khác,1,,2026-Q2,12590.275839822
PPI,Công ty Cổ phần Đầu tư và Phát triển dự án hạ tầng Thái Bình Dương,Bất động sản,Phát triển nhà ở & khác,1,,2023-Q1,-144.216038052
PRT,Tổng Công ty Sản xuất - Xuất nhập khẩu Bình Dương - Công ty cổ phần,Bất động sản,Phát triển nhà ở & khác,1,,2026-Q2,3525.6422404480004
PTL,Công ty Cổ phần Victory Group,Bất động sản,Phát triển nhà ở & khác,1,,2026-Q2,437.048609971
PV2,Công ty Cổ phần Genea Capital,Bất động sản,Phát triển nhà ở & khác,1,,2026-Q2,218.31854844
PVL,Công ty Cổ phần Địa ốc Dầu khí,Bất động sản,Phát triển nhà ở & khác,1,,2026-Q2,144.235348189
PVR,Công ty Cổ phần Đầu tư PVR Hà Nội,Bất động sản,Phát triển nhà ở & khác,1,,2026-Q2,456.359262336
PXA,Công ty Cổ phần Đầu tư và Thương mại Dầu khí Nghệ An,Bất động sản,Phát triển nhà ở & khác,1,,2026-Q2,19.787608933
QCG,Công ty Cổ phần Quốc Cường Gia Lai,Bất động sản,Phát triển nhà ở & khác,1,,2026-Q2,4547.046583660001
RCL,Công ty Cổ phần Địa ốc Chợ Lớn,Bất động sản,Phát triển nhà ở & khác,1,,2026-Q2,294.454749047
RGG,Công ty Cổ phần Regal Group,Bất động sản,Phát triển nhà ở & khác,1,,2026-Q2,2442.715765936
SCR,Công ty Cổ phần Địa Ốc Sài Gòn Thương Tín,Bất động sản,Phát triển nhà ở & khác,1,,2026-Q2,5312.796225278999
SGR,Công ty Cổ phần Tổng Công ty Cổ phần Địa ốc Sài Gòn,Bất động sản,Phát triển nhà ở & khác,1,,2026-Q2,1421.743882356
SID,Công ty Cổ phần Đầu tư Phát triển Sài Gòn Co.op,Bất động sản,Phát triển nhà ở & khác,1,,2026-Q2,2467.23847775
SJS,Công ty Cổ phần SJ Group,Bất động sản,Phát triển nhà ở & khác,1,,2026-Q2,3848.513663254
SLD,Công ty Cổ phần Địa Ốc Sacom,Bất động sản,Phát triển nhà ở & khác,1,,2026-Q2,740.687730806
SSH,Công ty Cổ phần Phát triển Sunshine Homes,Bất động sản,Phát triển nhà ở & khác,1,,2026-Q2,7146.437693722
TAL,Công Ty Cổ Phần Đầu Tư Bất Động Sản Taseco,Bất động sản,Phát triển nhà ở & khác,1,,2026-Q2,5611.951187605
TBR,Công ty Cổ phần Địa ốc Tân Bình,Bất động sản,Phát triển nhà ở & khác,1,,2018-Q3,188.595725484
TCH,Công ty Cổ phần Đầu tư Dịch vụ Tài chính Hoàng Huy,Bất động sản,Phát triển nhà ở & khác,1,,2026-Q2,11621.387810037
TDH,Công ty Cổ phần Phát triển Nhà Thủ Đức,Bất động sản,Phát triển nhà ở & khác,1,,2026-Q2,191.42516623699998
TEG,Công ty Cổ phần Trường Thành Energy Group,Bất động sản,Phát triển nhà ở & khác,1,,2026-Q2,1346.514835528
TIG,Công ty Cổ phần Tập đoàn Đầu tư Thăng Long,Bất động sản,Phát triển nhà ở & khác,1,,2026-Q2,2073.994189862
TIX,Công ty Cổ phần Sản xuất Kinh doanh Xuất nhập khẩu Dịch vụ và Đầu tư Tân Bình,Bất động sản,Phát triển nhà ở & khác,1,,2026-Q2,841.999136539
TN1,Công ty Cổ phần Rox Key Holdings,Bất động sản,Phát triển nhà ở & khác,1,,2026-Q2,1243.65225207
V21,Công ty Cổ phần Vinaconex 21,Bất động sản,Phát triển nhà ở & khác,1,,2026-Q2,121.952630712
VCR,Công ty Cổ phần Đầu tư và Phát triển Du lịch ITC,Bất động sản,Phát triển nhà ở & khác,1,,2026-Q2,1435.554507865
VEF,Công ty Cổ phần Trung tâm Hội chợ Triển lãm Việt Nam,Bất động sản,Phát triển nhà ở & khác,1,,2026-Q2,7216.667
VGV,Tổng Công ty Tư vấn Xây dựng Việt Nam - CTCP,Bất động sản,Phát triển nhà ở & khác,1,,2026-Q2,450.89994222099995
VHD,Công ty Cổ phần Đầu tư phát triển nhà và đô thị VINAHUD,Bất động sản,Phát triển nhà ở & khác,1,,2026-Q2,11.839924314
VPH,Công ty Cổ phần Vạn Phát Hưng,Bất động sản,Phát triển nhà ở & khác,1,,2026-Q2,1001.867937781
VPI,Công ty Cổ phần Phát triển Bất động sản Văn Phú,Bất động sản,Phát triển nhà ở & khác,1,,2026-Q2,5406.236068216
VRC,Công ty Cổ phần Bất động sản và Đầu tư VRC,Bất động sản,Phát triển nhà ở & khác,1,,2026-Q2,984.084279418
XDH,Công ty Cổ phần Đầu tư Xây dựng Dân dụng Hà Nội,Bất động sản,Phát triển nhà ở & khác,1,,2026-Q2,545.102697317
VHM,Công ty Cổ phần Vinhomes,Bất động sản,Vingroup,1,,2026-Q2,263597.288
VIC,Tập đoàn Vingroup - Công ty CP,Bất động sản,Vingroup,0,"Hợp nhất VHM, VRE và mảng ngoài BĐS (VinFast...) - chỉ xem riêng",2026-Q2,171004.66
VRE,Công ty Cổ phần Vincom Retail,Bất động sản,Vingroup,1,,2026-Q2,49310.673
