ticker,ten_cong_ty,nganh_L4,nhom,cong_vao_nganh,ghi_chu
BVL,Công ty Cổ phần BV Land,"Tư Vấn, Định giá, Môi giới Bất động sản",Dịch vụ BĐS,1,
DCH,Công ty Cổ phần Địa chính Hà Nội,"Tư Vấn, Định giá, Môi giới Bất động sản",Dịch vụ BĐS,1,
DXS,Công ty Cổ phần Dịch vụ Bất động sản Đất Xanh,"Tư Vấn, Định giá, Môi giới Bất động sản",Dịch vụ BĐS,0,Công ty con của DXG (đã hợp nhất vào DXG)
PIV,Công ty Cổ phần PIV,"Tư Vấn, Định giá, Môi giới Bất động sản",Dịch vụ BĐS,1,
TDC,Công ty Cổ phần Kinh doanh và Phát triển Bình Dương,"Tư Vấn, Định giá, Môi giới Bất động sản",Dịch vụ BĐS,1,
THD,Công ty Cổ phần Thaiholdings,"Tư Vấn, Định giá, Môi giới Bất động sản",Dịch vụ BĐS,1,
VC3,Công ty Cổ phần Tập đoàn Nam Mê Kông,"Tư Vấn, Định giá, Môi giới Bất động sản",Dịch vụ BĐS,1,
BCM,Tập đoàn Đầu tư và Phát triển Công nghiệp Becamex - CTCP,Bất động sản,Khu công nghiệp,1,
D2D,Công ty Cổ phần Phát triển Đô thị Công nghiệp số 2,Bất động sản,Khu công nghiệp,1,
HPI,Công ty Cổ phần Khu công nghiệp Hiệp Phước,Bất động sản,Khu công nghiệp,1,
IDC,Tổng Công ty IDICO - CTCP,Bất động sản,Khu công nghiệp,1,
IDV,Công ty Cổ phần Phát triển Hạ tầng Vĩnh Phúc,Bất động sản,Khu công nghiệp,1,
ITA,Công ty Cổ phần Đầu tư và Công nghiệp Tân Tạo,Bất động sản,Khu công nghiệp,1,
KBC,Tổng Công ty Phát triển Đô thị Kinh Bắc - CTCP,Bất động sản,Khu công nghiệp,1,
LHG,Công ty Cổ phần Long Hậu,Bất động sản,Khu công nghiệp,1,
MH3,Công ty Cổ phần Khu công nghiệp Cao su Bình Long,Bất động sản,Khu công nghiệp,1,
NTC,Công ty Cổ phần Khu Công nghiệp Nam Tân Uyên,Bất động sản,Khu công nghiệp,1,
PXL,Công ty Cổ phần Đầu tư Khu Công Nghiệp Dầu khí Long Sơn,Bất động sản,Khu công nghiệp,1,
SIP,Công ty Cổ phần Đầu tư Sài Gòn VRG,Bất động sản,Khu công nghiệp,1,
SZB,Công ty Cổ phần Sonadezi Long Bình,Bất động sản,Khu công nghiệp,1,
SZC,Công ty Cổ phần Sonadezi Châu Đức,Bất động sản,Khu công nghiệp,1,
SZG,Công ty Cổ phần Sonadezi Giang Điền,Bất động sản,Khu công nghiệp,1,
SZL,Công ty Cổ phần Sonadezi Long Thành,Bất động sản,Khu công nghiệp,1,
TID,Công ty Cổ phần Tổng Công ty Tín Nghĩa,Bất động sản,Khu công nghiệp,1,
TIP,Công ty Cổ phần Phát triển Khu công nghiệp Tín Nghĩa,Bất động sản,Khu công nghiệp,1,
VRG,Công ty Cổ phần Phát triển Đô thị và Khu Công nghiệp Cao Su Việt Nam,Bất động sản,Khu công nghiệp,1,
AAV,Công ty Cổ phần AAV Group,Bất động sản,Phát triển nhà ở & khác,1,
AGG,Công ty Cổ phần Đầu tư và Phát triển Bất động sản An Gia,Bất động sản,Phát triển nhà ở & khác,1,
API,Công ty Cổ phần Đầu tư Châu Á - Thái Bình Dương,Bất động sản,Phát triển nhà ở & khác,1,
C21,Công ty Cổ phần Thế kỷ 21,Bất động sản,Phát triển nhà ở & khác,1,
CCL,Công ty Cổ phần Đầu tư và Phát triển Đô thị Dầu khí Cửu Long,Bất động sản,Phát triển nhà ở & khác,1,
CEO,Công ty Cổ phần Tập đoàn C.E.O,Bất động sản,Phát triển nhà ở & khác,1,
CKG,Công ty Cổ phần Tập đoàn CIC,Bất động sản,Phát triển nhà ở & khác,1,
CNT,Công ty Cổ phần Tập đoàn CNT,Bất động sản,Phát triển nhà ở & khác,1,
CRE,Công ty Cổ phần Bất động sản Thế Kỷ,Bất động sản,Phát triển nhà ở & khác,1,
CRV,Công ty Cổ phần Tập đoàn Bất động sản CRV,Bất động sản,Phát triển nhà ở & khác,1,
D11,Công ty Cổ phần Địa ốc 11,Bất động sản,Phát triển nhà ở & khác,1,
DIG,Tổng Công ty Cổ phần Đầu tư Phát triển Xây dựng,Bất động sản,Phát triển nhà ở & khác,1,
DIH,Công ty Cổ phần Đầu tư Phát triển Xây dựng - Hội An,Bất động sản,Phát triển nhà ở & khác,1,
DRH,Công ty Cổ phần DRH Holdings,Bất động sản,Phát triển nhà ở & khác,1,
DTA,Công ty Cổ phần Đệ Tam,Bất động sản,Phát triển nhà ở & khác,1,
DTD,Công ty Cổ phần Đầu tư Phát triển Thành Đạt,Bất động sản,Phát triển nhà ở & khác,1,
DXG,Công ty Cổ phần Bluemarq Group,Bất động sản,Phát triển nhà ở & khác,1,
FDC,Công ty Cổ phần Ngoại thương và Phát triển Đầu tư Thành phố Hồ Chí Minh,Bất động sản,Phát triển nhà ở & khác,1,
FIR,Công ty Cổ phần Địa ốc First Real,Bất động sản,Phát triển nhà ở & khác,1,
HAR,Công ty Cổ phần Đầu tư Thương mại Bất động sản An Dương Thảo Điền,Bất động sản,Phát triển nhà ở & khác,1,
HD6,Công ty Cổ phần Đầu tư và Phát triển nhà số 6 Hà Nội,Bất động sản,Phát triển nhà ở & khác,1,
HDC,Công ty Cổ phần Phát triển Nhà Bà Rịa Vũng Tàu,Bất động sản,Phát triển nhà ở & khác,1,
HDG,Công ty Cổ phần Tập đoàn Hà Đô,Bất động sản,Phát triển nhà ở & khác,1,
HLD,Công ty Cổ phần Đầu tư và Phát triển Bất động sản HUDLAND,Bất động sản,Phát triển nhà ở & khác,1,
HPX,Công ty Cổ phần Đầu tư Hải Phát,Bất động sản,Phát triển nhà ở & khác,1,
HQC,Công ty Cổ phần Tư vấn - Thương mại - Dịch vụ Địa ốc Hoàng Quân,Bất động sản,Phát triển nhà ở & khác,1,
HTN,Công ty Cổ phần Hưng Thịnh Incons,Bất động sản,Phát triển nhà ở & khác,1,
IDJ,Công ty Cổ phần Đầu tư IDJ Việt Nam,Bất động sản,Phát triển nhà ở & khác,1,
IJC,Công ty Cổ phần Phát triển Hạ tầng Kỹ thuật,Bất động sản,Phát triển nhà ở & khác,1,
ITC,Công ty Cổ phần Đầu tư - Kinh doanh nhà,Bất động sản,Phát triển nhà ở & khác,1,
KDH,Công ty Cổ phần Đầu tư và Kinh doanh nhà Khang Điền,Bất động sản,Phát triển nhà ở & khác,1,
KHG,Công ty Cổ phần Tập đoàn Khải Hoàn Land,Bất động sản,Phát triển nhà ở & khác,1,
KOS,Công ty Cổ phần KOSY,Bất động sản,Phát triển nhà ở & khác,1,
KSF,Công ty Cổ phần Tập đoàn Sunshine,Bất động sản,Phát triển nhà ở & khác,1,
LDG,Công ty Cổ phần Đầu tư LDG,Bất động sản,Phát triển nhà ở & khác,1,
LEC,Công ty Cổ phần Bất động sản Điện lực Miền Trung,Bất động sản,Phát triển nhà ở & khác,1,
LGL,Công ty Cổ phần Đầu tư và Phát triển Đô thị Long Giang,Bất động sản,Phát triển nhà ở & khác,1,
LMH,Công ty Cổ phần Quốc Tế Holding,Bất động sản,Phát triển nhà ở & khác,1,
LSG,Công ty Cổ phần Bất động sản Sài Gòn Vi na,Bất động sản,Phát triển nhà ở & khác,1,
MGR,Công ty cổ phần Tập đoàn MGROUP,Bất động sản,Phát triển nhà ở & khác,1,
NBB,Công ty Cổ phần Đầu tư Năm Bảy Bảy,Bất động sản,Phát triển nhà ở & khác,1,
NDN,Công ty Cổ phần Đầu tư Phát triển Nhà Đà Nẵng,Bất động sản,Phát triển nhà ở & khác,1,
NLG,Công ty Cổ phần Đầu tư Nam Long,Bất động sản,Phát triển nhà ở & khác,1,
NRC,Công ty Cổ phần Tập đoàn Bất động sản Quốc gia,Bất động sản,Phát triển nhà ở & khác,1,
NTL,Công ty Cổ phần Phát triển Đô thị Từ Liêm,Bất động sản,Phát triển nhà ở & khác,1,
NVL,Công ty Cổ phần Tập đoàn Đầu tư Địa ốc No Va,Bất động sản,Phát triển nhà ở & khác,1,
NVT,Công ty Cổ phần Bất động sản Du lịch Ninh Vân Bay,Bất động sản,Phát triển nhà ở & khác,1,
PDR,Công ty Cổ phần Phát triển Bất động sản Phát Đạt,Bất động sản,Phát triển nhà ở & khác,1,
PPI,Công ty Cổ phần Đầu tư và Phát triển dự án hạ tầng Thái Bình Dương,Bất động sản,Phát triển nhà ở & khác,1,
PRT,Tổng Công ty Sản xuất - Xuất nhập khẩu Bình Dương - Công ty cổ phần,Bất động sản,Phát triển nhà ở & khác,1,
PTL,Công ty Cổ phần Victory Group,Bất động sản,Phát triển nhà ở & khác,1,
PV2,Công ty Cổ phần Genea Capital,Bất động sản,Phát triển nhà ở & khác,1,
PVL,Công ty Cổ phần Địa ốc Dầu khí,Bất động sản,Phát triển nhà ở & khác,1,
PVR,Công ty Cổ phần Đầu tư PVR Hà Nội,Bất động sản,Phát triển nhà ở & khác,1,
PXA,Công ty Cổ phần Đầu tư và Thương mại Dầu khí Nghệ An,Bất động sản,Phát triển nhà ở & khác,1,
QCG,Công ty Cổ phần Quốc Cường Gia Lai,Bất động sản,Phát triển nhà ở & khác,1,
RCL,Công ty Cổ phần Địa ốc Chợ Lớn,Bất động sản,Phát triển nhà ở & khác,1,
RGG,Công ty Cổ phần Regal Group,Bất động sản,Phát triển nhà ở & khác,1,
SCR,Công ty Cổ phần Địa Ốc Sài Gòn Thương Tín,Bất động sản,Phát triển nhà ở & khác,1,
SGR,Công ty Cổ phần Tổng Công ty Cổ phần Địa ốc Sài Gòn,Bất động sản,Phát triển nhà ở & khác,1,
SID,Công ty Cổ phần Đầu tư Phát triển Sài Gòn Co.op,Bất động sản,Phát triển nhà ở & khác,1,
SJS,Công ty Cổ phần SJ Group,Bất động sản,Phát triển nhà ở & khác,1,
SLD,Công ty Cổ phần Địa Ốc Sacom,Bất động sản,Phát triển nhà ở & khác,1,
SSH,Công ty Cổ phần Phát triển Sunshine Homes,Bất động sản,Phát triển nhà ở & khác,1,
TAL,Công Ty Cổ Phần Đầu Tư Bất Động Sản Taseco,Bất động sản,Phát triển nhà ở & khác,1,
TBR,Công ty Cổ phần Địa ốc Tân Bình,Bất động sản,Phát triển nhà ở & khác,1,
TCH,Công ty Cổ phần Đầu tư Dịch vụ Tài chính Hoàng Huy,Bất động sản,Phát triển nhà ở & khác,1,
TDH,Công ty Cổ phần Phát triển Nhà Thủ Đức,Bất động sản,Phát triển nhà ở & khác,1,
TEG,Công ty Cổ phần Trường Thành Energy Group,Bất động sản,Phát triển nhà ở & khác,1,
TIG,Công ty Cổ phần Tập đoàn Đầu tư Thăng Long,Bất động sản,Phát triển nhà ở & khác,1,
TIX,Công ty Cổ phần Sản xuất Kinh doanh Xuất nhập khẩu Dịch vụ và Đầu tư Tân Bình,Bất động sản,Phát triển nhà ở & khác,1,
TN1,Công ty Cổ phần Rox Key Holdings,Bất động sản,Phát triển nhà ở & khác,1,
V21,Công ty Cổ phần Vinaconex 21,Bất động sản,Phát triển nhà ở & khác,1,
VCR,Công ty Cổ phần Đầu tư và Phát triển Du lịch ITC,Bất động sản,Phát triển nhà ở & khác,1,
VEF,Công ty Cổ phần Trung tâm Hội chợ Triển lãm Việt Nam,Bất động sản,Phát triển nhà ở & khác,1,
VGV,Tổng Công ty Tư vấn Xây dựng Việt Nam - CTCP,Bất động sản,Phát triển nhà ở & khác,1,
VHD,Công ty Cổ phần Đầu tư phát triển nhà và đô thị VINAHUD,Bất động sản,Phát triển nhà ở & khác,1,
VPH,Công ty Cổ phần Vạn Phát Hưng,Bất động sản,Phát triển nhà ở & khác,1,
VPI,Công ty Cổ phần Phát triển Bất động sản Văn Phú,Bất động sản,Phát triển nhà ở & khác,1,
VRC,Công ty Cổ phần Bất động sản và Đầu tư VRC,Bất động sản,Phát triển nhà ở & khác,1,
XDH,Công ty Cổ phần Đầu tư Xây dựng Dân dụng Hà Nội,Bất động sản,Phát triển nhà ở & khác,1,
VHM,Công ty Cổ phần Vinhomes,Bất động sản,Vingroup,1,
VIC,Tập đoàn Vingroup - Công ty CP,Bất động sản,Vingroup,0,"Hợp nhất VHM, VRE và mảng ngoài BĐS (VinFast...) - chỉ xem riêng"
VRE,Công ty Cổ phần Vincom Retail,Bất động sản,Vingroup,1,
