tu_khoa,nganh,ma_ck,ghi_chu
vinfast,Công nghiệp,,Sản xuất ô tô — trước bị gộp vào BĐS theo hệ sinh thái Vingroup
tập đoàn sovico,Lĩnh vực khác,,Tập đoàn đa ngành (HDBank · Vietjet · BĐS nghỉ dưỡng)
công ty cổ phần sovico,Lĩnh vực khác,,Tập đoàn đa ngành (HDBank · Vietjet · BĐS nghỉ dưỡng)
trường hải,Công nghiệp,,THACO — ô tô · cơ khí (có mảng BĐS / nông nghiệp)
geleximco,Lĩnh vực khác,,Tập đoàn đa ngành
công ty cổ phần bông sen,Bất động sản,,Khách sạn / dịch vụ lưu trú (xếp chung BĐS nghỉ dưỡng)
saigon glory,Bất động sản,,Chủ đầu tư The Metropole Thủ Thiêm
may- diêm sài gòn,Bất động sản,,Công ty mẹ Saigon Glory — mảng BĐS
may - diêm sài gòn,Bất động sản,,Công ty mẹ Saigon Glory — mảng BĐS
thái sơn - long an,Bất động sản,,Khu đô thị Long An
hưng thịnh quy nhơn,Bất động sản,,Hưng Thịnh — du lịch / nghỉ dưỡng Quy Nhơn
hưng thịnh investment,Bất động sản,,Hệ sinh thái Hưng Thịnh
kinh doanh f88,Tài chính,,Cầm đồ / cho vay tiêu dùng
sunshine am,Bất động sản,,Hệ sinh thái Sunshine
kinh doanh nhà sunshine,Bất động sản,,Hệ sinh thái Sunshine
thành phố aqua,Bất động sản,,Dự án Aqua City (Novaland)
kn cam ranh,Bất động sản,,KN Paradise Cam Ranh
đầu tư golden hill,Bất động sản,,Dự án BĐS
tập đoàn flc,Bất động sản,,BĐS nghỉ dưỡng · golf
golf,Bất động sản,,Sân golf / nghỉ dưỡng
vui chơi giải trí,Bất động sản,,Du lịch / giải trí (xếp chung BĐS nghỉ dưỡng)
khu công nghệ thông tin,Bất động sản,,Hạ tầng khu CNTT (tương tự KCN)
cho thuê tài sản tnl,Bất động sản,,Cho thuê trung tâm thương mại
bcg land,Bất động sản,BCR,ICB xếp Xây dựng nhưng hoạt động chính là BĐS
