terminal,group,ticker,kind,node,area
BARIA SERECE,Baria Serece,,general,CAI MEP,BẾN CẢNG BARIA SERECE
BEN NGHE,Cang Ben Nghe,,container,HO CHI MINH,BẾN CẢNG BẾN NGHÉ
BONG SEN,Lotus Port,,general,HO CHI MINH,BẾN CẢNG BÔNG SEN
BẾN PHAO BP1 - ITC CÁI MÉP,Bến Phao Bp1 - Itc Cái Mép,,buoy,CAI MEP,BẾN PHAO BP1 - ITC CÁI MÉP
BẾN PHAO BP2 - ITC CÁI MÉP,Bến Phao Bp2 - Itc Cái Mép,,buoy,CAI MEP,BẾN PHAO BP2 - ITC CÁI MÉP
BẾN PHAO BP3 - ITC CÁI MÉP,Bến Phao Bp3 - Itc Cái Mép,,buoy,CAI MEP,BẾN PHAO BP3 - ITC CÁI MÉP
BẾN PHAO CÔNG TY LONG BEACH,Bến Phao Công Ty Long Beach,,buoy,HO CHI MINH,BẾN PHAO CÔNG TY LONG BEACH
BẾN PHAO HẢI LONG/CÔNG TY CỔ PHẦN VẬN TẢI VÀ GIAO NHẬN HẢI LONG,Bến Phao Hải Long/Công Ty Cổ Phần Vận Tả,,buoy,HO CHI MINH,BẾN PHAO HẢI LONG/CÔNG TY CỔ PHẦN VẬN TẢI VÀ GIAO NHẬN HẢI LONG
BẾN PHAO TCT ĐƯỜNG SÔNG MIỀN NAM,Bến Phao Tct Đường Sông Miền Nam,,buoy,HO CHI MINH,BẾN PHAO TCT ĐƯỜNG SÔNG MIỀN NAM
BẾN PHAO TRƯỜNG AN,Bến Phao Trường An,,buoy,HO CHI MINH,BẾN PHAO TRƯỜNG AN
BẾN ĐẦM (CÔN ĐẢO),Bến Đầm (Côn Đảo),,other,CON DAO,BẾN CẢNG BẾN ĐẦM (CÔN ĐẢO)
C TY TNHH TMDV HOÀNG HẢI ĐĂNG,C Ty Tnhh Tmdv Hoàng Hải Đăng,,buoy,HO CHI MINH,C TY TNHH TMDV HOÀNG HẢI ĐĂNG
CAT LAI,Tan Cang Sai Gon,SNP,container,HO CHI MINH,BẾN CẢNG CÁT LÁI (TÂN CẢNG)
CD KHO XĂNG DẦU PTSC (CLT),Cd Kho Xăng Dầu Ptsc (Clt),,offshore-base,VUNG TAU,CẦU CẢNG CD KHO XĂNG DẦU PTSC (CLT)
CD NHÀ MÁY NGHIỀN CLINKER HIỆP PHƯỚC,Cd Nhà Máy Nghiền Clinker Hiệp Phước,,cement,HO CHI MINH,BẾN CẢNG CD NHÀ MÁY NGHIỀN CLINKER HIỆP PHƯỚC
CHUYÊN DÙNG CALOFIC,Chuyên Dùng Calofic,,petro,HO CHI MINH,BẾN CẢNG CHUYÊN DÙNG CALOFIC
CHẾ TẠO DÀN KHOAN DẦU KHÍ (PV SHIPYARD),Chế Tạo Dàn Khoan Dầu Khí (Pv Shipyard),,shipyard,HO CHI MINH,CẦU CẢNG CHẾ TẠO DÀN KHOAN DẦU KHÍ (PV SHIPYARD)
CMIT,Cai Mep,APMT/SGP,container,CAI MEP,BẾN CẢNG QUỐC TẾ CÁI MÉP (CMIT)
CN CÔNG TY XI MĂNG NGHI SƠN TẠI TP.HCM,Cn Công Ty Xi Măng Nghi Sơn Tại Tp.Hcm,,cement,HO CHI MINH,CN CÔNG TY XI MĂNG NGHI SƠN TẠI TP.HCM
CTY CP NHA RONG,Cty Cp Nha Rong,,buoy,HO CHI MINH,CTY CP NHA RONG
CTY CPDV VTB HAI VAN,Cty Cpdv Vtb Hai Van,,buoy,HO CHI MINH,CTY CPDV VTB HAI VAN
CTY FALCON,Cty Falcon,,buoy,HO CHI MINH,CTY FALCON
CTY TNHH VARD VT,Cty Tnhh Vard Vt,,shipyard,VUNG TAU,CẦU CẢNG CTY TNHH VARD VT
CÔN ĐẢO - VŨNG TÀU,Côn Đảo - Vũng Tàu,,other,CON DAO,BẾN CẢNG CÔN ĐẢO - VŨNG TÀU
CÔNG TY CỔ PHẦN BẢO VIỆT PHÁT,Công Ty Cổ Phần Bảo Việt Phát,,buoy,HO CHI MINH,CÔNG TY CỔ PHẦN BẢO VIỆT PHÁT
CÔNG TY CỔ PHẦN HÀNG HẢI PHÚ MỸ,Công Ty Cổ Phần Hàng Hải Phú Mỹ,,general,CAI MEP,CÔNG TY CỔ PHẦN HÀNG HẢI PHÚ MỸ
CÔNG TY CỔ PHẦN HƯNG THÁI HOLDINGS,Công Ty Cổ Phần Hưng Thái Holdings,,buoy,HO CHI MINH,CÔNG TY CỔ PHẦN HƯNG THÁI HOLDINGS
CÔNG TY CỔ PHẦN SSV,Công Ty Cổ Phần Ssv,,general,HO CHI MINH,CÔNG TY CỔ PHẦN SSV
CẢNG DKNK BIỂN ĐÔNG (HẢI THẠCH-MỘC TINH),Cảng Dknk Biển Đông (Hải Thạch-Mộc Tinh),,offshore,MO DAU KHI (ngoai khoi),CẢNG DKNK BIỂN ĐÔNG (HẢI THẠCH-MỘC TINH)
DAM PHU MY,Dam Phu My,DPM,general,CAI MEP,BẾN CẢNG ĐẠM VÀ DỊCH VỤ DẦU KHÍ TỔNG HỢP PHÚ MỸ
GEMALINK,Gemadept,GMD,container,CAI MEP,BẾN CẢNG CÁI MÉP GEMADEPT-TERMINAL LINK
HYOSUNG VINA CHEMICALS,Hyosung Vina Chemicals,,gas,CAI MEP,HYOSUNG VINA CHEMICALS
HẢI ĐOÀN 129,Hải Đoàn 129,,other,VUNG TAU,BẾN CẢNG HẢI ĐOÀN 129
KHU CÔNG NGHIỆP ĐÔNG XUYÊN,Khu Công Nghiệp Đông Xuyên,,offshore-base,VUNG TAU,CẦU CẢNG KHU CÔNG NGHIỆP ĐÔNG XUYÊN
KHU VỰC 1 (SÔNG NHÀ BÈ),Khu Vực 1 (Sông Nhà Bè),,buoy,HO CHI MINH,KHU VỰC 1 (SÔNG NHÀ BÈ)
KHU VỰC 11 (SÔNG SOÀI RẠP),Khu Vực 11 (Sông Soài Rạp),,buoy,HO CHI MINH,KHU VỰC 11 (SÔNG SOÀI RẠP)
KHU VỰC 4,Khu Vực 4,,buoy,HO CHI MINH,KHU VỰC 4
KHU VỰC 6 (KHU VỰC BỜ BĂNG),Khu Vực 6 (Khu Vực Bờ Băng),,buoy,HO CHI MINH,KHU VỰC 6 (KHU VỰC BỜ BĂNG)
KĐT DL LẤN BIỂN CẦN GIỜ,Kđt Dl Lấn Biển Cần Giờ,,other,CAN GIO,KĐT DL LẤN BIỂN CẦN GIỜ
LONG AN,Cang QT Long An,,general,HO CHI MINH,BẾN CẢNG QUỐC TẾ LONG AN
LONG SON,Long Son,,container,LONG SON (VUNG TAU),BẾN CẢNG KHU DV CÔNG NGHIỆP LONG SƠN
MY XUAN A,My Xuan,,general,CAI MEP,BEN CANG MY XUAN A
MỎ BẠCH HỔ,Mỏ Bạch Hổ,,offshore,MO DAU KHI (ngoai khoi),MỎ BẠCH HỔ
MỎ RẠNG ĐÔNG,Mỏ Rạng Đông,,offshore,MO DAU KHI (ngoai khoi),MỎ RẠNG ĐÔNG
MỎ RỒNG,Mỏ Rồng,,offshore,MO DAU KHI (ngoai khoi),MỎ RỒNG
MỎ RỒNG ĐÔI,Mỏ Rồng Đôi,,offshore,MO DAU KHI (ngoai khoi),MỎ RỒNG ĐÔI
MỎ TÊ GIÁC TRẮNG,Mỏ Tê Giác Trắng,,offshore,MO DAU KHI (ngoai khoi),MỎ TÊ GIÁC TRẮNG
MỎ ĐẠI HÙNG,Mỏ Đại Hùng,,offshore,MO DAU KHI (ngoai khoi),MỎ ĐẠI HÙNG
NEO NHA BE,Khu neo Nha Be,,anchorage,HO CHI MINH,KHU NEO NHA BE
NEO SOAI RAP,Khu neo Soai Rap,,anchorage,HO CHI MINH,KHU NEO SOAI RAP
NEO VUNG TAU,Khu neo Vung Tau,,anchorage,VUNG TAU,KHU NEO VTAU
NHÀ MÁY ĐÓNG TÀU BA SON,Nhà Máy Đóng Tàu Ba Son,,shipyard,HO CHI MINH,NHÀ MÁY ĐÓNG TÀU BA SON
PHAO GEMADEPT,Gemadept,GMD,container,HO CHI MINH,PHAO GEMADEPT
POSCO,Posco,,general,CAI MEP,CẢNG POSCO
PTSC VUNG TAU,PTSC,PVS,offshore-base,VUNG TAU,BẾN CẢNG HẠ LƯU PTSC
PV GAS VUNG TAU,PV Gas,GAS,gas,CAI MEP,BẾN CẢNG PVGAS VŨNG TÀU
PVC-MS,Pvc-Ms,,offshore-base,VUNG TAU,PVC-MS
QUAN KHU 7,Quan Khu 7,,other,HO CHI MINH,QUAN KHU 7
RAU QUA,Cang Rau Qua,,general,HO CHI MINH,BẾN CẢNG RAU QUẢ
SAI GON,Cang Sai Gon,SGP,general,HO CHI MINH,BẾN CẢNG SÀI GÒN
SAI GON HIEP PHUOC,Cang Sai Gon,SGP,general,HO CHI MINH,BẾN CẢNG SÀI GÒN - HIỆP PHƯỚC
SITV,SITV,,general,CAI MEP,BẾN CẢNG QUỐC TẾ SÀI GÒN VN (SITV)
SP-ITC,SP-ITC,,container,HO CHI MINH,BẾN CẢNG CONTAINER QUỐC TẾ SP-ITC
SP-PSA,SP-PSA,SGP,general,CAI MEP,BẾN CẢNG QUỐC TẾ SP-PSA
SPCT,SPCT,,container,HO CHI MINH,BẾN CẢNG CONTAINER TRUNG TÂM SÀI GÒN (SPCT)
SSIT,Cai Mep,SSA/SGP,container,CAI MEP,BẾN CẢNG CONTAINER QUỐC TẾ SG-SSA (SSIT)
TAN CANG HIEP PHUOC,Tan Cang Sai Gon,SNP,container,HO CHI MINH,BẾN CẢNG TÂN CẢNG HIỆP PHƯỚC
TCCT,Tan Cang Cai Mep,SNP,container,CAI MEP,BẾN CẢNG CONT CÁI MÉP THƯỢNG - TCCT
TCIT,Tan Cang Cai Mep,SNP,container,CAI MEP,BẾN CẢNG CONT CÁI MÉP THƯỢNG - TCIT
TCTT,Tan Cang Cai Mep,SNP,container,CAI MEP,BẾN CẢNG CONT QUỐC TẾ CÁI MÉP (TCTT)
THEP PHU MY,Thep Phu My,,general,CAI MEP,BẾN CẢNG NHÀ MÁY THÉP PHÚ MỸ
THI VAI TONG HOP,Thi Vai tong hop,,general,CAI MEP,BẾN CẢNG TỔNG HỢP THỊ VẢI (ODA)
THUONG CANG VUNG TAU,Thuong cang Vung Tau,,general,VUNG TAU,BẾN CẢNG THƯƠNG CẢNG VT
TONG KHO NHA BE,Petrolimex,PLX,petro,HO CHI MINH,TỔNG KHO XĂNG DẦU NHÀ BÈ
TONG KHO XANG DAU 102 MO RONG,Tong Kho Xang Dau 102 Mo Rong,,petro,HO CHI MINH,BEN CANG TONG KHO XANG DAU 102 MO RONG
"TRẠM TN, NGHIỀN VÀ PHÂN PHỐI XM PHÍA NAM","Trạm Tn, Nghiền Và Phân Phối Xm Phía Nam",,general,HO CHI MINH,"BẾN CẢNG TRẠM TN, NGHIỀN VÀ PHÂN PHỐI XM PHÍA NAM"
VICT,VICT,,container,HO CHI MINH,BẾN CẢNG CONTAINER QUỐC TẾ VIỆT NAM
VIETSOVPETRO,Vietsovpetro,,offshore-base,VUNG TAU,BẾN CẢNG VIETSOVPETRO
VẠN AN,Vạn An,,petro,HO CHI MINH,BẾN CẢNG VẠN AN
XI MĂNG CẨM PHẢ,Xi Măng Cẩm Phả,,cement,HO CHI MINH,BẾN CẢNG XI MĂNG CẨM PHẢ
XI MĂNG FICO,Xi Măng Fico,,cement,HO CHI MINH,BẾN CẢNG XI MĂNG FICO
XI MĂNG HẠ LONG,Xi Măng Hạ Long,,cement,HO CHI MINH,BẾN CẢNG XI MĂNG HẠ LONG
XI MĂNG THĂNG LONG,Xi Măng Thăng Long,,cement,HO CHI MINH,BẾN CẢNG XI MĂNG THĂNG LONG
XĂNG DẦU PETEC CÁI MÉP,Xăng Dầu Petec Cái Mép,,petro,CAI MEP,BẾN CẢNG XĂNG DẦU PETEC CÁI MÉP
XĂNG DẦU PETRO VŨNG TÀU,Xăng Dầu Petro Vũng Tàu,,petro,VUNG TAU,BẾN CẢNG XĂNG DẦU PETRO VŨNG TÀU
XĂNG DẦU PVOIL NHÀ BÈ,Xăng Dầu Pvoil Nhà Bè,,petro,HO CHI MINH,BẾN CẢNG XĂNG DẦU PVOIL NHÀ BÈ
XĂNG DẦU SÀI GÒN PETRO,Xăng Dầu Sài Gòn Petro,,petro,HO CHI MINH,BẾN CẢNG XĂNG DẦU SÀI GÒN PETRO
ĐÓNG TÀU VÀ CÔNG NGHIỆP HÀNG HẢI SÀI GÒN,Đóng Tàu Và Công Nghiệp Hàng Hải Sài Gòn,,shipyard,HO CHI MINH,BẾN CẢNG ĐÓNG TÀU VÀ CÔNG NGHIỆP HÀNG HẢI SÀI GÒN
