khoi,series_id,nguong,doc_the_nao
01 Áp lực tỷ giá,fx_central,,
01 Áp lực tỷ giá,fx_band_ceiling,,
01 Áp lực tỷ giá,fx_vcb_sell,,
01 Áp lực tỷ giá,fx_vcb_sell_vs_ceiling,,
01 Áp lực tỷ giá,fx_free_sell,,
01 Áp lực tỷ giá,fx_free_vs_vcb,,
01 Áp lực tỷ giá,fx_sbv_sell_ref,,
01 Áp lực tỷ giá,fx_reserves,,
01 Áp lực tỷ giá,fx_import_cover,,
01 Áp lực tỷ giá,us_sofr,,
01 Áp lực tỷ giá,us_dxy_broad,,
01 Áp lực tỷ giá,trade_balance,,
01 Áp lực tỷ giá,fii_net_val,,
01 Áp lực tỷ giá,fdi_inflow_bop,,
01 Áp lực tỷ giá,fdi_realized_vnd,,
01 Áp lực tỷ giá,current_account_bop,,
01 Áp lực tỷ giá,bop_errors,,
01 Áp lực tỷ giá,bop_overall,,
02 Từ tỷ giá lên chi phí vốn,omo_net_outstanding,,
02 Từ tỷ giá lên chi phí vốn,omo_outstanding,,
02 Từ tỷ giá lên chi phí vốn,bill_outstanding,,
02 Từ tỷ giá lên chi phí vốn,omo_win_7d_rate,,
02 Từ tỷ giá lên chi phí vốn,policy_refinance,,
02 Từ tỷ giá lên chi phí vốn,ib_on,,
02 Từ tỷ giá lên chi phí vốn,ib_1m,,
02 Từ tỷ giá lên chi phí vốn,ib_3m,,
02 Từ tỷ giá lên chi phí vốn,ib_spread_policy,,
02 Từ tỷ giá lên chi phí vốn,ib_curve_1m_on,,
02 Từ tỷ giá lên chi phí vốn,swap_on,,
02 Từ tỷ giá lên chi phí vốn,swap_1m,,
02 Từ tỷ giá lên chi phí vốn,swap_3m,,
02 Từ tỷ giá lên chi phí vốn,deposit_12m_big4,,
02 Từ tỷ giá lên chi phí vốn,deposit_12m_max,,
02 Từ tỷ giá lên chi phí vốn,lending_rate_avg,,
02 Từ tỷ giá lên chi phí vốn,lending_rate_big4,,
02 Từ tỷ giá lên chi phí vốn,lending_rate_jsc,,
02 Từ tỷ giá lên chi phí vốn,deposit_rate_avg_vcb,,
02 Từ tỷ giá lên chi phí vốn,lending_deposit_spread,,
02 Từ tỷ giá lên chi phí vốn,lending_spread_net_vcb,,
03 Cân đối và cung tiền,credit_growth_ytd,,
03 Cân đối và cung tiền,deposit_growth_ytd,,
03 Cân đối và cung tiền,credit_deposit_gap,,
03 Cân đối và cung tiền,m2,,
03 Cân đối và cung tiền,m2_growth,,
03 Cân đối và cung tiền,cash_ratio_m2,,
03 Cân đối và cung tiền,deposits_total,,
03 Cân đối và cung tiền,deposits_household,,
03 Cân đối và cung tiền,deposits_corporate,,
03 Cân đối và cung tiền,bank_loans,,
03 Cân đối và cung tiền,bank_deposits,,
03 Cân đối và cung tiền,public_inv_month,,
03 Cân đối và cung tiền,public_inv_ytd,,
04 Ràng buộc tỷ lệ nội sinh,ldr_system,,
04 Ràng buộc tỷ lệ nội sinh,ldr_soe,,
04 Ràng buộc tỷ lệ nội sinh,ldr_jsc,,
04 Ràng buộc tỷ lệ nội sinh,ldr_tt22_listed,,
04 Ràng buộc tỷ lệ nội sinh,loan_deposit_listed,,
04 Ràng buộc tỷ lệ nội sinh,sfl_system,,
04 Ràng buộc tỷ lệ nội sinh,sfl_soe,,
04 Ràng buộc tỷ lệ nội sinh,sfl_jsc,,
04 Ràng buộc tỷ lệ nội sinh,car_tt41,,
04 Ràng buộc tỷ lệ nội sinh,car_tt41_soe,,
04 Ràng buộc tỷ lệ nội sinh,car_tt41_jsc,,
04 Ràng buộc tỷ lệ nội sinh,car_banks_median,,
04 Ràng buộc tỷ lệ nội sinh,car_banks_min,,
04 Ràng buộc tỷ lệ nội sinh,car_banks_n,,
04 Ràng buộc tỷ lệ nội sinh,casa_ratio,,
04 Ràng buộc tỷ lệ nội sinh,mlt_loan_share,,
04 Ràng buộc tỷ lệ nội sinh,bank_total_assets,,
04 Ràng buộc tỷ lệ nội sinh,bank_charter_capital,,
05 Dư địa tiền tệ,fx_vcb_sell_vs_ceiling,"Trần = tỷ giá trung tâm × 1,05",Về gần 0 là NHNN buộc hút VND hoặc bán ngoại tệ.
05 Dư địa tiền tệ,fx_import_cover,Thông lệ quốc tế 3 tháng,Càng mỏng thì càng ít đạn để can thiệp kéo dài.
05 Dư địa tiền tệ,ib_spread_policy,Mốc 0,Âm là dư thanh khoản ngắn hạn; dương là hệ thống phải gõ cửa NHNN.
05 Dư địa tiền tệ,omo_net_outstanding,Mốc 0,Số dư càng lớn thì hệ thống càng đang sống bằng tiền NHNN.
05 Dư địa tiền tệ,ldr_system,Trần 85% từ 01/01/2020 (Thông tư 22/2019),Còn cách trần bao nhiêu là còn bấy nhiêu room cho vay.
05 Dư địa tiền tệ,ldr_tt22_listed,"Trần 85%, số hợp nhất chưa loại Kho bạc",Cao hơn số NHNN vì không có quỹ tín dụng và ngân hàng nước ngoài kéo xuống; sát 85% là nhóm niêm yết hết room.
05 Dư địa tiền tệ,sfl_system,"Trần 40% từ 01/07/2026, trước đó 30% (Thông tư 25/2026)",Vừa được nới 10 điểm phần trăm nên dư địa cho vay dài hạn rộng hẳn ra.
05 Dư địa tiền tệ,car_banks_min,Tối thiểu 8%,Ngân hàng yếu nhất còn cách sàn bao nhiêu là toàn hệ thống còn bấy nhiêu chỗ để NHNN siết.
05 Dư địa tiền tệ,car_tt41,Tối thiểu 8%,Phần vượt 8% là dư địa mở rộng tài sản rủi ro.
05 Dư địa tiền tệ,casa_ratio,So với chính nó theo thời gian,Giảm là giá vốn đắt lên ngay cả khi lãi suất niêm yết chưa đổi.
