series_id,nguon,url,cong_thuc
us_sofr,FRED,https://fred.stlouisfed.org/series/SOFR,
us_effr,FRED,https://fred.stlouisfed.org/series/EFFR,
us_fed_target_upper,FRED,https://fred.stlouisfed.org/series/DFEDTARU,
us_tbill_4w,FRED,https://fred.stlouisfed.org/series/DTB4WK,
us_tbill_3m,FRED,https://fred.stlouisfed.org/series/DTB3,
us_ust_2y,FRED,https://fred.stlouisfed.org/series/DGS2,
us_ust_10y,FRED,https://fred.stlouisfed.org/series/DGS10,
us_dxy_broad,FRED,https://fred.stlouisfed.org/series/DTWEXBGS,
fii_net_val,VNDirect finfo,https://api-finfo.vndirect.com.vn/v4/foreigns?q=code:VNINDEX~tradingDate:gte:2026-01-01&size=20&sort=tradingDate,
trade_balance,IMF · macro-fetcher,https://data.imf.org/,
exports,IMF · macro-fetcher,https://data.imf.org/,
imports,IMF · macro-fetcher,https://data.imf.org/,
fdi_disbursed,Cục Thống kê (thông cáo tháng),,
fdi_registered,dulieukinhte,https://dulieukinhte.com/du-lieu/von-fdi-dang-ky-cap-moi-405,
remittance,NHNN chi nhánh TP.HCM,,
policy_refinance,NHNN · Lãi suất,https://sbv.gov.vn/l%C3%A3i-su%E1%BA%A5t1,
policy_rediscount,NHNN · Lãi suất,https://sbv.gov.vn/l%C3%A3i-su%E1%BA%A5t1,
ldr_cap,Thông tư 22/2019/TT-NHNN,https://congbao.chinhphu.vn/van-ban/thong-tu-so-22-2019-tt-nhnn-30003.htm,
sfl_cap,Thông tư 25/2026/TT-NHNN,https://vanban.chinhphu.vn/?docid=218533&pageid=27160,
sfl_system,NHNN · Thống kê TCTD,https://sbv.gov.vn/vi/thong-ke-mot-so-chi-tieu-co-ban,
sfl_soe,NHNN · Thống kê TCTD,https://sbv.gov.vn/vi/thong-ke-mot-so-chi-tieu-co-ban,
sfl_jsc,NHNN · Thống kê TCTD,https://sbv.gov.vn/vi/thong-ke-mot-so-chi-tieu-co-ban,
fx_central,NHNN · Tỷ giá,https://sbv.gov.vn/t%E1%BB%B7-gi%C3%A1,
fx_band_ceiling,Tính ra,,"fx_central × 1,05"
fx_band_floor,Tính ra,,"fx_central × 0,95"
fx_vcb_buy_cash,Vietcombank,https://www.vietcombank.com.vn/vi-VN/KHCN/Cong-cu-Tien-ich/Ty-gia,
fx_vcb_transfer,Vietcombank,https://www.vietcombank.com.vn/vi-VN/KHCN/Cong-cu-Tien-ich/Ty-gia,
fx_vcb_sell,Vietcombank,https://www.vietcombank.com.vn/vi-VN/KHCN/Cong-cu-Tien-ich/Ty-gia,
fx_vcb_sell_vs_ceiling,Tính ra,,fx_vcb_sell ÷ trần − 1
fx_imf_eop,IMF · macro-fetcher,https://data.imf.org/,
fx_free_buy,dulieukinhte,https://dulieukinhte.com/du-lieu/ty-gia-cho-den-719,
fx_free_sell,dulieukinhte,https://dulieukinhte.com/du-lieu/ty-gia-cho-den-719,
fx_free_vs_vcb,dulieukinhte,https://dulieukinhte.com/du-lieu/ty-gia-cho-den-719,
omo_win_7d_vol,NHNN · Thị trường mở,https://sbv.gov.vn/vi/nghi%E1%BB%87p-v%E1%BB%A5-th%E1%BB%8B-tr%C6%B0%E1%BB%9Dng-m%E1%BB%9F,
omo_win_7d_rate,NHNN · Thị trường mở,https://sbv.gov.vn/vi/nghi%E1%BB%87p-v%E1%BB%A5-th%E1%BB%8B-tr%C6%B0%E1%BB%9Dng-m%E1%BB%9F,
omo_win_14d_vol,NHNN · Thị trường mở,https://sbv.gov.vn/vi/nghi%E1%BB%87p-v%E1%BB%A5-th%E1%BB%8B-tr%C6%B0%E1%BB%9Dng-m%E1%BB%9F,
omo_win_14d_rate,NHNN · Thị trường mở,https://sbv.gov.vn/vi/nghi%E1%BB%87p-v%E1%BB%A5-th%E1%BB%8B-tr%C6%B0%E1%BB%9Dng-m%E1%BB%9F,
omo_win_91d_vol,NHNN · Thị trường mở,https://sbv.gov.vn/vi/nghi%E1%BB%87p-v%E1%BB%A5-th%E1%BB%8B-tr%C6%B0%E1%BB%9Dng-m%E1%BB%9F,
bill_issue_vol,NHNN · Thị trường mở,https://sbv.gov.vn/vi/nghi%E1%BB%87p-v%E1%BB%A5-th%E1%BB%8B-tr%C6%B0%E1%BB%9Dng-m%E1%BB%9F,
omo_net,Tính ra,,omo_win_total − bill_issue_vol
omo_outstanding,dulieukinhte,https://dulieukinhte.com/du-lieu/sbv-bomhut-tien-334,
bill_outstanding,dulieukinhte,https://dulieukinhte.com/du-lieu/sbv-bomhut-tien-334,
omo_net_outstanding,Tính ra,,omo_outstanding + bill_outstanding
omo_win_total,NHNN · Thị trường mở,https://sbv.gov.vn/vi/nghi%E1%BB%87p-v%E1%BB%A5-th%E1%BB%8B-tr%C6%B0%E1%BB%9Dng-m%E1%BB%9F,
omo_maturity_total,dulieukinhte,https://dulieukinhte.com/du-lieu/sbv-bomhut-tien-334,
omo_net_daily,dulieukinhte,https://dulieukinhte.com/du-lieu/sbv-bomhut-tien-334,
fx_sbv_sell_ref,NHNN · Tỷ giá,https://sbv.gov.vn/t%E1%BB%B7-gi%C3%A1,
fx_sbv_buy_ref,NHNN · Tỷ giá,https://sbv.gov.vn/t%E1%BB%B7-gi%C3%A1,
fx_reserves,IMF · macro-fetcher,https://data.imf.org/,
fx_import_cover,Tính ra,,fx_reserves ÷ imports
swap_on,Tính ra,,ib_on − us_sofr
swap_1m,Tính ra,,ib_1m − us_tbill_4w
swap_3m,Tính ra,,ib_3m − us_tbill_3m
ib_on,NHNN · Lãi suất,https://sbv.gov.vn/l%C3%A3i-su%E1%BA%A5t1,
ib_1w,NHNN · Lãi suất,https://sbv.gov.vn/l%C3%A3i-su%E1%BA%A5t1,
ib_2w,NHNN · Lãi suất,https://sbv.gov.vn/l%C3%A3i-su%E1%BA%A5t1,
ib_1m,NHNN · Lãi suất,https://sbv.gov.vn/l%C3%A3i-su%E1%BA%A5t1,
ib_3m,NHNN · Lãi suất,https://sbv.gov.vn/l%C3%A3i-su%E1%BA%A5t1,
ib_6m,NHNN · Lãi suất,https://sbv.gov.vn/l%C3%A3i-su%E1%BA%A5t1,
ib_9m,NHNN · Lãi suất,https://sbv.gov.vn/l%C3%A3i-su%E1%BA%A5t1,
ib_1y,FiinProX (nguồn ngừng 2012),,
ib_curve_1m_on,Tính ra,,ib_1m − ib_on
ib_spread_policy,Tính ra,,ib_on − policy_refinance
ib_vol_on,NHNN · Lãi suất,https://sbv.gov.vn/l%C3%A3i-su%E1%BA%A5t1,
ib_vol_1w,NHNN · Lãi suất,https://sbv.gov.vn/l%C3%A3i-su%E1%BA%A5t1,
ib_vol_1m,NHNN · Lãi suất,https://sbv.gov.vn/l%C3%A3i-su%E1%BA%A5t1,
ib_vol_2w,NHNN · Lãi suất,https://sbv.gov.vn/l%C3%A3i-su%E1%BA%A5t1,
ib_vol_3m,NHNN · Lãi suất,https://sbv.gov.vn/l%C3%A3i-su%E1%BA%A5t1,
ib_vol_6m,NHNN · Lãi suất,https://sbv.gov.vn/l%C3%A3i-su%E1%BA%A5t1,
ib_vol_9m,NHNN · Lãi suất,https://sbv.gov.vn/l%C3%A3i-su%E1%BA%A5t1,
ib_vol_total,Tính ra,,tổng doanh số các kỳ hạn
kbnn_deposit,Thuyết minh BCTC ngân hàng,,
credit_deposit_gap,Tính ra,,credit_growth_ytd − deposit_growth_ytd
ldr_system,NHNN · Thống kê TCTD,https://sbv.gov.vn/vi/thong-ke-mot-so-chi-tieu-co-ban,
ldr_soe,NHNN · Thống kê TCTD,https://sbv.gov.vn/vi/thong-ke-mot-so-chi-tieu-co-ban,
ldr_jsc,NHNN · Thống kê TCTD,https://sbv.gov.vn/vi/thong-ke-mot-so-chi-tieu-co-ban,
bank_total_assets,NHNN · Thống kê TCTD,https://sbv.gov.vn/vi/thong-ke-mot-so-chi-tieu-co-ban,
bank_charter_capital,NHNN · Thống kê TCTD,https://sbv.gov.vn/vi/thong-ke-mot-so-chi-tieu-co-ban,
car_tt41,NHNN · Thống kê TCTD,https://sbv.gov.vn/vi/thong-ke-mot-so-chi-tieu-co-ban,
car_tt41_soe,NHNN · Thống kê TCTD,https://sbv.gov.vn/vi/thong-ke-mot-so-chi-tieu-co-ban,
car_tt41_jsc,NHNN · Thống kê TCTD,https://sbv.gov.vn/vi/thong-ke-mot-so-chi-tieu-co-ban,
own_capital_tt41,NHNN · Thống kê TCTD,https://sbv.gov.vn/vi/thong-ke-mot-so-chi-tieu-co-ban,
casa_ratio,BCTC · FS Extractor,https://fs.vietcap.com.vn/,
mlt_loan_share,BCTC · FS Extractor,https://fs.vietcap.com.vn/,
mlt_loans,BCTC · FS Extractor,https://fs.vietcap.com.vn/,
loan_deposit_listed,BCTC · FS Extractor,https://fs.vietcap.com.vn/,
ldr_tt22_listed,BCTC · FS Extractor,https://fs.vietcap.com.vn/,
bank_deposits,BCTC · FS Extractor,https://fs.vietcap.com.vn/,
deposits_corporate,dulieukinhte,https://dulieukinhte.com/du-lieu/cung-tien-m2-huy-dong-385,
deposits_household,dulieukinhte,https://dulieukinhte.com/du-lieu/cung-tien-m2-huy-dong-385,
deposits_total,Tính ra,,tiền gửi dân cư + TCKT
deposit_growth_ytd,Tính ra,,deposits_total so với tháng 12 năm trước
deposit_1m_big4,Người Quan Sát,https://dulieu.nguoiquansat.vn/lai-suat,
deposit_1m_avg,Người Quan Sát,https://dulieu.nguoiquansat.vn/lai-suat,
deposit_1m_max,Người Quan Sát,https://dulieu.nguoiquansat.vn/lai-suat,
deposit_6m_big4,Người Quan Sát,https://dulieu.nguoiquansat.vn/lai-suat,
deposit_6m_avg,Người Quan Sát,https://dulieu.nguoiquansat.vn/lai-suat,
deposit_6m_max,Người Quan Sát,https://dulieu.nguoiquansat.vn/lai-suat,
deposit_12m_big4,Người Quan Sát,https://dulieu.nguoiquansat.vn/lai-suat,
deposit_12m_avg,Người Quan Sát,https://dulieu.nguoiquansat.vn/lai-suat,
deposit_12m_max,Người Quan Sát,https://dulieu.nguoiquansat.vn/lai-suat,
lending_rate_avg,dulieukinhte,https://dulieukinhte.com/du-lieu/lai-suat-cho-vay-binh-quan-ngan-hang-700,
lending_deposit_spread,dulieukinhte,https://dulieukinhte.com/du-lieu/lai-suat-cho-vay-binh-quan-ngan-hang-700,
credit_growth_ytd,dulieukinhte,https://dulieukinhte.com/du-lieu/tang-truong-tin-dung-toc-do-353,
credit_outstanding,FiinProX (chuỗi dừng 07/2025),,
m2,dulieukinhte,https://dulieukinhte.com/du-lieu/cung-tien-m2-huy-dong-385,
cash_ratio_m2,dulieukinhte,https://dulieukinhte.com/du-lieu/cung-tien-m2-huy-dong-385,
m2_growth,Tính ra,,m2 so với tháng 12 năm trước
bank_loans,BCTC · FS Extractor,https://fs.vietcap.com.vn/,
car_banks_median,Tính ra,,median CAR hợp nhất từ CBTT TT41 của từng ngân hàng (cbtt_urls.csv)
car_banks_min,Tính ra,,min CAR hợp nhất từ CBTT TT41 của từng ngân hàng
car_banks_n,Tính ra,,số ngân hàng có CBTT CAR trong kỳ
lending_rate_big4,Tính ra,,"trung bình đơn giản lend_avg VCB, BID, AGR theo tháng (≥2 ngân hàng)"
lending_rate_jsc,Tính ra,,trung bình đơn giản lend_avg các NH cổ phần có số trong tháng (≥2 ngân hàng)
lend_avg_bid,BIDV · công bố lãi suất,https://bidv.com.vn/bidv/tin-tuc/congbothongtinlaisuat_vi/congbolaisuatchovay_vi,
lend_spread_bid,BIDV · công bố lãi suất,https://bidv.com.vn/bidv/tin-tuc/congbothongtinlaisuat_vi/congbolaisuatchovay_vi,
lend_avg_eib,Eximbank · lãi suất bình quân,https://eximbank.com.vn/tin-tuc/lai-suat-binh-quan-thang-trong-nam-2026,
lend_avg_eib_khcn,Eximbank · lãi suất bình quân,https://eximbank.com.vn/tin-tuc/lai-suat-binh-quan-thang-trong-nam-2026,
lend_avg_eib_khdn,Eximbank · lãi suất bình quân,https://eximbank.com.vn/tin-tuc/lai-suat-binh-quan-thang-trong-nam-2026,
lend_spread_eib,Eximbank · lãi suất bình quân,https://eximbank.com.vn/tin-tuc/lai-suat-binh-quan-thang-trong-nam-2026,
lend_avg_agr,Agribank · lãi suất cho vay,https://www.agribank.com.vn/vn/lai-suat-cho-vay-agribank,
lend_spread_agr,Agribank · lãi suất cho vay,https://www.agribank.com.vn/vn/lai-suat-cho-vay-agribank,
lend_avg_vib,VIB · lãi suất vay bình quân,https://www.vib.com.vn/vn/lai-suat-vay-binh-quan/,
lend_avg_vib_khcn,VIB · lãi suất vay bình quân,https://www.vib.com.vn/vn/lai-suat-vay-binh-quan/,
lend_avg_vib_khdn,VIB · lãi suất vay bình quân,https://www.vib.com.vn/vn/lai-suat-vay-binh-quan/,
lend_spread_vib,VIB · lãi suất vay bình quân,https://www.vib.com.vn/vn/lai-suat-vay-binh-quan/,
deposit_rate_avg_vcb,Tính ra,,lending_rate_avg − lending_deposit_spread (VCB chỉ công bố cho vay BQ và chênh lệch)
lending_spread_net_vcb,dulieukinhte,https://dulieukinhte.com/du-lieu/lai-suat-cho-vay-binh-quan-ngan-hang-700,
current_account_bop,dulieukinhte,https://dulieukinhte.com/du-lieu/can-can-thanh-toan-361,
fdi_inflow_bop,dulieukinhte,https://dulieukinhte.com/du-lieu/can-can-thanh-toan-361,
fdi_net_bop,dulieukinhte,https://dulieukinhte.com/du-lieu/can-can-thanh-toan-361,
fii_net_bop,dulieukinhte,https://dulieukinhte.com/du-lieu/can-can-thanh-toan-361,
other_inv_net_bop,dulieukinhte,https://dulieukinhte.com/du-lieu/can-can-thanh-toan-361,
financial_account_bop,dulieukinhte,https://dulieukinhte.com/du-lieu/can-can-thanh-toan-361,
bop_errors,dulieukinhte,https://dulieukinhte.com/du-lieu/can-can-thanh-toan-361,
bop_overall,dulieukinhte,https://dulieukinhte.com/du-lieu/can-can-thanh-toan-361,
fdi_realized_vnd,dulieukinhte,https://dulieukinhte.com/du-lieu/von-dau-tu-phat-trien-xa-hoi-275,
public_inv_month,dulieukinhte,https://dulieukinhte.com/du-lieu/von-dau-tu-tu-nsnn-317,
public_inv_ytd,Tính ra,,cộng dồn public_inv_month trong năm
car_abb,CBTT ABB,,
car_acb,CBTT ACB,,
car_bid,CBTT BID,,
car_bvb,CBTT BVB,,
car_ctg,CBTT CTG,,
car_eib,CBTT EIB,,
car_hdb,CBTT HDB,,
car_klb,CBTT KLB,,
car_lpb,CBTT LPB,,
car_mbb,CBTT MBB,,
car_msb,CBTT MSB,,
car_nab,CBTT NAB,,
car_ocb,CBTT OCB,,
car_pgb,CBTT PGB,,
car_sgb,CBTT SGB,,
car_shb,CBTT SHB,,
car_ssb,CBTT SSB,,
car_stb,CBTT STB,,
car_tcb,CBTT TCB,,
car_tpb,CBTT TPB,,
car_vbb,CBTT VBB,,
car_vcb,CBTT VCB,,
car_vib,CBTT VIB,,
car_vpb,CBTT VPB,,
