kind,pattern,operator,note
name,^WAN HAI ,Wan Hai Lines,
name,^SITC ,SITC,
name,^HAIAN ,Hai An (HAH),
name,^EVER ,Evergreen,
name,^UNI[ -],Evergreen,Uni-xxx la tau Evergreen
name,^OOCL ,OOCL,
name,^COSCO ,COSCO,
name,^XIN ,COSCO,Xin xxx = COSCO (China Shipping cu)
name,^CSCL ,COSCO,
name,^CMA CGM ,CMA CGM,
name,^APL ,CMA CGM,
name,^MAERSK ,Maersk,
name,^MCC ,Maersk (MCC/Sealand),
name,^SEALAND ,Maersk (MCC/Sealand),
name,^MSC ,MSC,
name,^ONE ,ONE,
name,^YM ,Yang Ming,
name,^KMTC ,KMTC,
name,^SINOKOR ,Sinokor,
name,^HEUNG[ -]?A ,Heung-A,
name,^PANCON ,Pancon,
name,^DONGJIN ,Dongjin,
name,^NAMSUNG ,Namsung,
name,^TS ,TS Lines,
name,^CUL ,CUL,
name,^ZIM ,ZIM,
name,^INTERASIA ,Interasia,
name,^KOTA ,PIL,
name,^HYUNDAI ,HMM,
name,^HMM ,HMM,
name,^SINOTRANS ,Sinotrans,
name,^VIETSUN ,Vietsun,
name,^VINAFCO ,Vinafco,
name,^BIEN ?DONG ,VIMC Lines (Bien Dong),
name,^PACIFIC (EXPRESS|GRACE),GLS,
name,^VSICO ,VSICO,
name,^TAN CANG ,Tan Cang Shipping (SNP),
name,^RCL ,RCL,
name,^SAMUDERA ,Samudera,
name,^X-PRESS ,X-Press Feeders,
name,^EMIRATES ,Emirates Shipping,
name,^HAPAG ,Hapag-Lloyd,
name,^NYK ,NYK,
name,^HANSA ,Leonhardt & Blumberg (charter),chu tau cho thue - hang khai thac phai tra
name,^SEASPAN ,Seaspan (charter),chu tau cho thue
owner,WAN HAI LINES,Wan Hai Lines,
owner,SITC,SITC,
owner,HAI AN,Hai An (HAH),
owner,EVERGREEN,Evergreen,
owner,ORIENT OVERSEAS,OOCL,
owner,COSCO,COSCO,
owner,CHINA SHIPPING,COSCO,
owner,CMA CGM,CMA CGM,
owner,MAERSK,Maersk,
owner,MEDITERRANEAN SHIPPING,MSC,
owner,OCEAN NETWORK EXPRESS,ONE,
owner,YANG MING,Yang Ming,
owner,KOREA MARINE TRANSPORT,KMTC,
owner,SINOKOR,Sinokor,
owner,HEUNG-A,Heung-A,
owner,PAN CONTINENTAL,Pancon,
owner,DONGJIN,Dongjin,
owner,NAMSUNG,Namsung,
owner,TS LINES,TS Lines,
owner,CHINA UNITED LINES,CUL,
owner,ZIM,ZIM,
owner,INTERASIA,Interasia,
owner,PACIFIC INTERNATIONAL LINES,PIL,
owner,HYUNDAI MERCHANT,HMM,
owner,HMM,HMM,
owner,SINOTRANS,Sinotrans,
owner,VINAFCO,Vinafco,
owner,BIEN DONG,VIMC Lines (Bien Dong),
owner,GLS,GLS,
owner,VSICO,VSICO,
owner,TAN CANG,Tan Cang Shipping (SNP),
owner,REGIONAL CONTAINER,RCL,
owner,SAMUDERA,Samudera,
owner,X-PRESS,X-Press Feeders,
owner,EMIRATES SHIPPING,Emirates Shipping,
owner,HAPAG,Hapag-Lloyd,
agent,SITC VIỆT NAM,SITC,dai ly doc quyen
agent,CÁT TƯỜNG,Wan Hai Lines,dai ly Wan Hai tai VN
agent,VẬN TẢI CONTAINER HẢI AN,Hai An (HAH),
agent,VINAFCO,Vinafco,
agent,VẬN TẢI BIỂN GLS,GLS,
agent,VSICO,VSICO,
agent,VTB TAN CANG,Tan Cang Shipping (SNP),
