freq,period,year,quarter,ngay_cuoi_ky
Q,Q4/2006,2006,4,2006-12-31
Q,Q1/2007,2007,1,2007-03-31
Q,Q2/2007,2007,2,2007-06-30
Q,Q3/2007,2007,3,2007-09-30
Q,Q4/2007,2007,4,2007-12-31
Q,Q1/2008,2008,1,2008-03-31
Q,Q2/2008,2008,2,2008-06-30
Q,Q3/2008,2008,3,2008-09-30
Q,Q4/2008,2008,4,2008-12-31
Q,Q1/2009,2009,1,2009-03-31
Q,Q2/2009,2009,2,2009-06-30
Q,Q3/2009,2009,3,2009-09-30
Q,Q4/2009,2009,4,2009-12-31
Q,Q1/2010,2010,1,2010-03-31
Q,Q2/2010,2010,2,2010-06-30
Q,Q3/2010,2010,3,2010-09-30
Q,Q4/2010,2010,4,2010-12-31
Q,Q1/2011,2011,1,2011-03-31
Q,Q2/2011,2011,2,2011-06-30
Q,Q3/2011,2011,3,2011-09-30
Q,Q4/2011,2011,4,2011-12-31
Q,Q1/2012,2012,1,2012-03-31
Q,Q2/2012,2012,2,2012-06-30
Q,Q3/2012,2012,3,2012-09-30
Q,Q4/2012,2012,4,2012-12-31
Q,Q1/2013,2013,1,2013-03-31
Q,Q2/2013,2013,2,2013-06-30
Q,Q3/2013,2013,3,2013-09-30
Q,Q4/2013,2013,4,2013-12-31
Q,Q1/2014,2014,1,2014-03-31
Q,Q2/2014,2014,2,2014-06-30
Q,Q3/2014,2014,3,2014-09-30
Q,Q4/2014,2014,4,2014-12-31
Q,Q1/2015,2015,1,2015-03-31
Q,Q2/2015,2015,2,2015-06-30
Q,Q3/2015,2015,3,2015-09-30
Q,Q4/2015,2015,4,2015-12-31
Q,Q1/2016,2016,1,2016-03-31
Q,Q2/2016,2016,2,2016-06-30
Q,Q3/2016,2016,3,2016-09-30
Q,Q4/2016,2016,4,2016-12-31
Q,Q1/2017,2017,1,2017-03-31
Q,Q2/2017,2017,2,2017-06-30
Q,Q3/2017,2017,3,2017-09-30
Q,Q4/2017,2017,4,2017-12-31
Q,Q1/2018,2018,1,2018-03-31
Q,Q2/2018,2018,2,2018-06-30
Q,Q3/2018,2018,3,2018-09-30
Q,Q4/2018,2018,4,2018-12-31
Q,Q1/2019,2019,1,2019-03-31
Q,Q2/2019,2019,2,2019-06-30
Q,Q3/2019,2019,3,2019-09-30
Q,Q4/2019,2019,4,2019-12-31
Q,Q1/2020,2020,1,2020-03-31
Q,Q2/2020,2020,2,2020-06-30
Q,Q3/2020,2020,3,2020-09-30
Q,Q4/2020,2020,4,2020-12-31
Q,Q1/2021,2021,1,2021-03-31
Q,Q2/2021,2021,2,2021-06-30
Q,Q3/2021,2021,3,2021-09-30
Q,Q4/2021,2021,4,2021-12-31
Q,Q1/2022,2022,1,2022-03-31
Q,Q2/2022,2022,2,2022-06-30
Q,Q3/2022,2022,3,2022-09-30
Q,Q4/2022,2022,4,2022-12-31
Q,Q1/2023,2023,1,2023-03-31
Q,Q2/2023,2023,2,2023-06-30
Q,Q3/2023,2023,3,2023-09-30
Q,Q4/2023,2023,4,2023-12-31
Q,Q1/2024,2024,1,2024-03-31
Q,Q2/2024,2024,2,2024-06-30
Q,Q3/2024,2024,3,2024-09-30
Q,Q4/2024,2024,4,2024-12-31
Q,Q1/2025,2025,1,2025-03-31
Q,Q2/2025,2025,2,2025-06-30
Q,Q3/2025,2025,3,2025-09-30
Q,Q4/2025,2025,4,2025-12-31
Q,Q1/2026,2026,1,2026-03-31
Q,Q2/2026,2026,2,2026-06-30
Y,2003,2003,0,2003-12-31
Y,2004,2004,0,2004-12-31
Y,2005,2005,0,2005-12-31
Y,2006,2006,0,2006-12-31
Y,2007,2007,0,2007-12-31
Y,2008,2008,0,2008-12-31
Y,2009,2009,0,2009-12-31
Y,2010,2010,0,2010-12-31
Y,2011,2011,0,2011-12-31
Y,2012,2012,0,2012-12-31
Y,2013,2013,0,2013-12-31
Y,2014,2014,0,2014-12-31
Y,2015,2015,0,2015-12-31
Y,2016,2016,0,2016-12-31
Y,2017,2017,0,2017-12-31
Y,2018,2018,0,2018-12-31
Y,2019,2019,0,2019-12-31
Y,2020,2020,0,2020-12-31
Y,2021,2021,0,2021-12-31
Y,2022,2022,0,2022-12-31
Y,2023,2023,0,2023-12-31
Y,2024,2024,0,2024-12-31
Y,2025,2025,0,2025-12-31
