ticker,ten_cong_ty,nganh_L1,nganh_L2,nganh_L3,nganh_L4,year_min,year_max,vcsh_ky_gan_nhat_ty,ky_gan_nhat,nhom_quy_mo
AAS,Công ty Cổ phần Chứng khoán SmartInvest,Tài chính,Dịch vụ tài chính,Dịch vụ tài chính,Môi giới chứng khoán,2011,2026,2666.9,Q2/2026,Vừa
ABW,Công ty Cổ phần Chứng khoán An Bình,Tài chính,Dịch vụ tài chính,Dịch vụ tài chính,Môi giới chứng khoán,2006,2026,3773.0,Q2/2026,Lớn
ACBS,,Dịch vụ tài chính,Dịch vụ tài chính,Dịch vụ tài chính,Dịch vụ tài chính,2004,2026,14737.2,Q2/2026,Lớn
AGR,Công ty Cổ phần Chứng khoán AGRIBANK,Tài chính,Dịch vụ tài chính,Dịch vụ tài chính,Môi giới chứng khoán,2006,2026,2633.2,Q2/2026,Vừa
AIS Securities,,Dịch vụ tài chính,Dịch vụ tài chính,Dịch vụ tài chính,Dịch vụ tài chính,2008,2026,2015.0,Q2/2026,Vừa
APG,Công ty Cổ phần Chứng khoán APG,Tài chính,Dịch vụ tài chính,Dịch vụ tài chính,Môi giới chứng khoán,2007,2026,2385.2,Q2/2026,Vừa
APS,Công ty Cổ phần Chứng khoán Châu Á - Thái Bình Dương,Tài chính,Dịch vụ tài chính,Dịch vụ tài chính,Môi giới chứng khoán,2007,2026,796.0,Q2/2026,Vừa
ART,Công ty Cổ phần Chứng khoán ARTEX,Tài chính,Dịch vụ tài chính,Dịch vụ tài chính,Môi giới chứng khoán,2008,2026,75.2,Q2/2026,Nhỏ
ASAM Securities,,Dịch vụ tài chính,Dịch vụ tài chính,Dịch vụ tài chính,Dịch vụ tài chính,2008,2026,292.1,Q2/2026,Nhỏ
Alpha Securities,,Dịch vụ tài chính,Dịch vụ tài chính,Dịch vụ tài chính,Dịch vụ tài chính,2007,2026,553.4,Q2/2026,Vừa
BETA Securities,,Dịch vụ tài chính,Dịch vụ tài chính,Dịch vụ tài chính,Dịch vụ tài chính,2008,2026,416.2,Q2/2026,Nhỏ
BIS Securities,,Dịch vụ tài chính,Dịch vụ tài chính,Dịch vụ tài chính,Dịch vụ tài chính,2008,2026,366.7,Q2/2026,Nhỏ
BMS,Công ty Cổ phần Chứng khoán Bảo Minh,Tài chính,Dịch vụ tài chính,Dịch vụ tài chính,Môi giới chứng khoán,2008,2026,2313.5,Q2/2026,Vừa
BSI,Công ty Cổ phần Chứng khoán BIDV,Tài chính,Dịch vụ tài chính,Dịch vụ tài chính,Môi giới chứng khoán,2006,2026,5695.8,Q2/2026,Lớn
BVS,Công ty Cổ phần Chứng khoán Bảo Việt,Tài chính,Dịch vụ tài chính,Dịch vụ tài chính,Môi giới chứng khoán,2005,2026,2702.0,Q2/2026,Vừa
CSI,Công ty Cổ phần Chứng khoán Kiến thiết Việt Nam,Tài chính,Dịch vụ tài chính,Dịch vụ tài chính,Môi giới chứng khoán,2009,2026,161.7,Q2/2026,Nhỏ
CTS,Công ty Cổ phần Chứng khoán Vietinbank,Tài chính,Dịch vụ tài chính,Dịch vụ tài chính,Môi giới chứng khoán,2007,2026,2866.0,Q2/2026,Vừa
CV Securities,,Dịch vụ tài chính,Dịch vụ tài chính,Dịch vụ tài chính,Dịch vụ tài chính,2009,2026,275.9,Q2/2026,Nhỏ
Capital Securities,,Dịch vụ tài chính,Dịch vụ tài chính,Dịch vụ tài chính,Dịch vụ tài chính,2008,2026,347.6,Q2/2026,Nhỏ
DASC,,Dịch vụ tài chính,Dịch vụ tài chính,Dịch vụ tài chính,Dịch vụ tài chính,2003,2026,267.3,Q2/2026,Nhỏ
DSC,Công ty Cổ phần Chứng khoán DSC,Tài chính,Dịch vụ tài chính,Dịch vụ tài chính,Môi giới chứng khoán,2007,2026,3108.3,Q2/2026,Lớn
DSE,Công ty Cổ phần Chứng khoán DNSE,Tài chính,Dịch vụ tài chính,Dịch vụ tài chính,Môi giới chứng khoán,2008,2026,5441.5,Q2/2026,Lớn
Dai Viet Securities,,Dịch vụ tài chính,Dịch vụ tài chính,Dịch vụ tài chính,Dịch vụ tài chính,2006,2026,230.4,Q2/2026,Nhỏ
EVS,Công ty Cổ phần Chứng khoán EVS,Tài chính,Dịch vụ tài chính,Dịch vụ tài chính,Môi giới chứng khoán,2007,2026,2016.1,Q2/2026,Vừa
EuroCapital Securities,,Dịch vụ tài chính,Dịch vụ tài chính,Dịch vụ tài chính,Dịch vụ tài chính,2008,2026,306.9,Q2/2026,Nhỏ
FSC,Công Ty TNHH Chứng Khoán Yuanta Việt Nam,Tài chính,Dịch vụ tài chính,Dịch vụ tài chính,Môi giới chứng khoán,2007,2026,3309.9,Q2/2026,Lớn
FTS,Công ty Cổ phần Chứng khoán FPT,Tài chính,Dịch vụ tài chính,Dịch vụ tài chính,Môi giới chứng khoán,2007,2026,4434.3,Q2/2026,Lớn
Finhay Securities,,Dịch vụ tài chính,Dịch vụ tài chính,Dịch vụ tài chính,Dịch vụ tài chính,2008,2026,274.8,Q2/2026,Nhỏ
HAC,Công ty Cổ phần Chứng khoán Hải Phòng,Tài chính,Dịch vụ tài chính,Dịch vụ tài chính,Môi giới chứng khoán,2005,2026,1335.1,Q2/2026,Vừa
HBS,Công ty Cổ phần Chứng khoán Hòa Bình,Tài chính,Dịch vụ tài chính,Dịch vụ tài chính,Môi giới chứng khoán,2008,2025,348.8,Q2/2025,Nhỏ
HCM,Công ty Cổ phần Chứng khoán Thành phố Hồ Chí Minh,Tài chính,Dịch vụ tài chính,Dịch vụ tài chính,Môi giới chứng khoán,2006,2026,14639.8,Q2/2026,Lớn
HD Securities,,Dịch vụ tài chính,Dịch vụ tài chính,Dịch vụ tài chính,Dịch vụ tài chính,2008,2026,13419.1,Q2/2026,Lớn
HFT,Công ty Cổ phần Chứng khoán Pinetree,Tài chính,Dịch vụ tài chính,Dịch vụ tài chính,Môi giới chứng khoán,2007,2026,1636.4,Q2/2026,Vừa
HVS Vietnam Securities,,Dịch vụ tài chính,Dịch vụ tài chính,Dịch vụ tài chính,Dịch vụ tài chính,2009,2026,264.1,Q2/2026,Nhỏ
IVS,Công ty Cổ phần Chứng khoán Guotai Haitong (Việt Nam),Tài chính,Dịch vụ tài chính,Dịch vụ tài chính,Môi giới chứng khoán,2007,2026,1197.5,Q2/2026,Vừa
JB Securities Vietnam,,Dịch vụ tài chính,Dịch vụ tài chính,Dịch vụ tài chính,Dịch vụ tài chính,2007,2026,2101.8,Q2/2026,Vừa
Japan Securities,,Dịch vụ tài chính,Dịch vụ tài chính,Dịch vụ tài chính,Dịch vụ tài chính,2009,2026,337.6,Q2/2026,Nhỏ
KBSV,,Dịch vụ tài chính,Dịch vụ tài chính,Dịch vụ tài chính,Dịch vụ tài chính,2008,2026,4663.9,Q2/2026,Lớn
KISVN,,Dịch vụ tài chính,Dịch vụ tài chính,Dịch vụ tài chính,Dịch vụ tài chính,2007,2026,7458.6,Q2/2026,Lớn
Kafi Securities,,Dịch vụ tài chính,Dịch vụ tài chính,Dịch vụ tài chính,Dịch vụ tài chính,2008,2026,8237.9,Q2/2026,Lớn
LPS,,Dịch vụ tài chính,Dịch vụ tài chính,Dịch vụ tài chính,Dịch vụ tài chính,2012,2026,17912.7,Q2/2026,Lớn
MASC,,Dịch vụ tài chính,Dịch vụ tài chính,Dịch vụ tài chính,Dịch vụ tài chính,2008,2026,10037.5,Q2/2026,Lớn
MBS,Công ty Cổ phần Chứng khoán MB,Tài chính,Dịch vụ tài chính,Dịch vụ tài chính,Môi giới chứng khoán,2007,2026,11941.7,Q2/2026,Lớn
MHB Securities,,Dịch vụ tài chính,Dịch vụ tài chính,Dịch vụ tài chính,Dịch vụ tài chính,2007,2015,-171.7,Q3/2015,Nhỏ
Maybank Securities,,Dịch vụ tài chính,Dịch vụ tài chính,Dịch vụ tài chính,Dịch vụ tài chính,2008,2026,4759.8,Q2/2026,Lớn
NH Securities Vietnam,,Dịch vụ tài chính,Dịch vụ tài chính,Dịch vụ tài chính,Dịch vụ tài chính,2007,2026,2730.5,Q2/2026,Vừa
National Securities,,Dịch vụ tài chính,Dịch vụ tài chính,Dịch vụ tài chính,Dịch vụ tài chính,2007,2026,1257.2,Q2/2026,Vừa
Navibank Securities,,Dịch vụ tài chính,Dịch vụ tài chính,Dịch vụ tài chính,Dịch vụ tài chính,2008,2026,359.0,Q2/2026,Nhỏ
OCBS Securities,,Dịch vụ tài chính,Dịch vụ tài chính,Dịch vụ tài chính,Dịch vụ tài chính,2008,2026,3035.9,Q2/2026,Lớn
ORS,Công ty Cổ phần Chứng khoán Tiên Phong,Tài chính,Dịch vụ tài chính,Dịch vụ tài chính,Môi giới chứng khoán,2007,2026,7801.2,Q2/2026,Lớn
PHS,Công ty Cổ phần Chứng khoán Phú Hưng,Tài chính,Dịch vụ tài chính,Dịch vụ tài chính,Môi giới chứng khoán,2008,2026,2093.3,Q2/2026,Vừa
PNSC,,Dịch vụ tài chính,Dịch vụ tài chính,Dịch vụ tài chính,Dịch vụ tài chính,2007,2026,477.3,Q2/2026,Nhỏ
PSI,Công ty Cổ phần Chứng khoán Dầu khí,Tài chính,Dịch vụ tài chính,Dịch vụ tài chính,Môi giới chứng khoán,2007,2026,790.9,Q2/2026,Vừa
Public Bank Securities Vietnam,,Dịch vụ tài chính,Dịch vụ tài chính,Dịch vụ tài chính,Dịch vụ tài chính,2007,2026,1066.2,Q2/2026,Vừa
SASC,,Dịch vụ tài chính,Dịch vụ tài chính,Dịch vụ tài chính,Dịch vụ tài chính,2008,2026,2014.9,Q2/2026,Vừa
SBB Securities,,Dịch vụ tài chính,Dịch vụ tài chính,Dịch vụ tài chính,Dịch vụ tài chính,2008,2026,85.7,Q2/2026,Nhỏ
SBS,Công ty Cổ phần Chứng khoán SBS,Tài chính,Dịch vụ tài chính,Dịch vụ tài chính,Môi giới chứng khoán,2006,2026,270.0,Q2/2026,Nhỏ
SHS,Công ty Cổ phần Chứng khoán Sài Gòn - Hà Nội,Tài chính,Dịch vụ tài chính,Dịch vụ tài chính,Môi giới chứng khoán,2008,2026,12544.2,Q2/2026,Lớn
SSI,Công ty Cổ phần Chứng khoán SSI,Tài chính,Dịch vụ tài chính,Dịch vụ tài chính,Môi giới chứng khoán,2004,2026,40724.0,Q2/2026,Lớn
STSC Securities,,Dịch vụ tài chính,Dịch vụ tài chính,Dịch vụ tài chính,Dịch vụ tài chính,2008,2015,254.4,Q3/2015,Nhỏ
Shinhan Securities Vietnam,,Dịch vụ tài chính,Dịch vụ tài chính,Dịch vụ tài chính,Dịch vụ tài chính,2008,2026,2588.6,Q2/2026,Vừa
SmartMind Securities,,Dịch vụ tài chính,Dịch vụ tài chính,Dịch vụ tài chính,Dịch vụ tài chính,2007,2026,2635.7,Q2/2026,Vừa
TCI,Công ty Cổ phần Chứng khoán Thành Công,Tài chính,Dịch vụ tài chính,Dịch vụ tài chính,Môi giới chứng khoán,2008,2026,1320.9,Q2/2026,Vừa
TCX,Công ty Cổ phần Chứng khoán Kỹ Thương,Tài chính,Dịch vụ tài chính,Dịch vụ tài chính,Môi giới chứng khoán,2008,2026,45782.4,Q2/2026,Lớn
TVB,Công ty Cổ phần Chứng khoán T-Cap,Tài chính,Dịch vụ tài chính,Dịch vụ tài chính,Môi giới chứng khoán,2008,2026,1096.0,Q2/2026,Vừa
TVS,Công ty Cổ phần Chứng khoán Thiên Việt,Tài chính,Dịch vụ tài chính,Dịch vụ tài chính,Môi giới chứng khoán,2007,2026,3012.1,Q2/2026,Vừa
Tan Viet Securities,,Dịch vụ tài chính,Dịch vụ tài chính,Dịch vụ tài chính,Dịch vụ tài chính,2008,2026,3254.3,Q2/2026,Lớn
Tonkin Securities,,Dịch vụ tài chính,Dịch vụ tài chính,Dịch vụ tài chính,Dịch vụ tài chính,2007,2014,61.5,Q1/2014,Nhỏ
UPS,Công ty Cổ phần Chứng khoán UP,Tài chính,Dịch vụ tài chính,Dịch vụ tài chính,Môi giới chứng khoán,2007,2026,346.9,Q2/2026,Nhỏ
VCBS,,Dịch vụ tài chính,Dịch vụ tài chính,Dịch vụ tài chính,Dịch vụ tài chính,2005,2026,9209.7,Q2/2026,Lớn
VCI,Công ty Cổ phần Chứng khoán Vietcap,Tài chính,Dịch vụ tài chính,Dịch vụ tài chính,Môi giới chứng khoán,2007,2026,17137.9,Q2/2026,Lớn
VCK,Công ty Cổ phần Chứng Khoán VPS,Tài chính,Dịch vụ tài chính,Dịch vụ tài chính,Môi giới chứng khoán,2008,2026,31206.3,Q2/2026,Lớn
VDS,Công ty Cổ phần Chứng khoán Rồng Việt,Tài chính,Dịch vụ tài chính,Dịch vụ tài chính,Môi giới chứng khoán,2007,2026,3014.5,Q2/2026,Lớn
VFS,Công ty Cổ phần Chứng khoán Nhất Việt,Tài chính,Dịch vụ tài chính,Dịch vụ tài chính,Môi giới chứng khoán,2008,2026,1775.0,Q2/2026,Vừa
VIG,Công ty Cổ phần Chứng khoán Đầu tư Tài chính Việt Nam,Tài chính,Dịch vụ tài chính,Dịch vụ tài chính,Môi giới chứng khoán,2008,2026,353.4,Q2/2026,Nhỏ
VIX,Công ty Cổ phần Chứng khoán VIX,Tài chính,Dịch vụ tài chính,Dịch vụ tài chính,Môi giới chứng khoán,2008,2026,32695.3,Q2/2026,Lớn
VND,Công ty Cổ phần Chứng khoán VNDIRECT,Tài chính,Dịch vụ tài chính,Dịch vụ tài chính,Môi giới chứng khoán,2007,2026,21432.1,Q2/2026,Lớn
VPX,Công ty Cổ phần Chứng khoán VPBank,Tài chính,Dịch vụ tài chính,Dịch vụ tài chính,Môi giới chứng khoán,2009,2026,35702.7,Q2/2026,Lớn
VSM Securities,,Dịch vụ tài chính,Dịch vụ tài chính,Dịch vụ tài chính,Dịch vụ tài chính,2008,2023,200.7,Q1/2023,Nhỏ
VTG Securities,,Dịch vụ tài chính,Dịch vụ tài chính,Dịch vụ tài chính,Dịch vụ tài chính,2007,2026,3109.9,Q2/2026,Lớn
VUA,Công ty Cổ phần Chứng khoán Stanley Brothers,Tài chính,Dịch vụ tài chính,Dịch vụ tài chính,Môi giới chứng khoán,2008,2026,1989.3,Q2/2026,Vừa
Viet Quoc Securities,,Dịch vụ tài chính,Dịch vụ tài chính,Dịch vụ tài chính,Dịch vụ tài chính,2008,2014,20.8,Q1/2014,Nhỏ
Viet Securities,,Dịch vụ tài chính,Dịch vụ tài chính,Dịch vụ tài chính,Dịch vụ tài chính,2008,2026,257.6,Q1/2026,Nhỏ
Viet Thanh Securities,,Dịch vụ tài chính,Dịch vụ tài chính,Dịch vụ tài chính,Dịch vụ tài chính,2008,2026,311.2,Q2/2026,Nhỏ
VietNam Industry Securities,,Dịch vụ tài chính,Dịch vụ tài chính,Dịch vụ tài chính,Dịch vụ tài chính,2008,2020,98.3,Q4/2017,Nhỏ
WSS,Công ty Cổ phần Chứng khoán Phố Wall,Tài chính,Dịch vụ tài chính,Dịch vụ tài chính,Môi giới chứng khoán,2008,2026,543.3,Q2/2026,Nhỏ
Xuan Thien Securities,,Dịch vụ tài chính,Dịch vụ tài chính,Dịch vụ tài chính,Dịch vụ tài chính,2008,2026,1451.5,Q2/2026,Vừa
